1000085532+Ontario+Inc.|5984|https://www.google.com/search?q=1000085532+Ontario+Inc.+realtor.ca
2824345+Ontario+Inc.|252|https://www.google.com/search?q=2824345+Ontario+Inc.+realtor.ca
1837915+Ontario+Inc.|225|https://www.google.com/search?q=1837915+Ontario+Inc.+realtor.ca
1906351+Ontario+Inc.|194|https://www.google.com/search?q=1906351+Ontario+Inc.+realtor.ca
2414040+Ontario+Inc.|167|https://www.google.com/search?q=2414040+Ontario+Inc.+realtor.ca
1881384+Ontario+Inc.|145|https://www.google.com/search?q=1881384+Ontario+Inc.+realtor.ca
2150659+Ontario+Inc.|145|https://www.google.com/search?q=2150659+Ontario+Inc.+realtor.ca
2615267+Ontario+Inc.|127|https://www.google.com/search?q=2615267+Ontario+Inc.+realtor.ca
2773382+Ontario+Inc.|126|https://www.google.com/search?q=2773382+Ontario+Inc.+realtor.ca
2341652+Ontario+Limited|109|https://www.google.com/search?q=2341652+Ontario+Limited+realtor.ca
2837763+Ontario+Inc.|106|https://www.google.com/search?q=2837763+Ontario+Inc.+realtor.ca
2468402+Ontario+Inc.|101|https://www.google.com/search?q=2468402+Ontario+Inc.+realtor.ca
2817145+Ontario+Inc.|91|https://www.google.com/search?q=2817145+Ontario+Inc.+realtor.ca
1469282+Ontario+Inc.|89|https://www.google.com/search?q=1469282+Ontario+Inc.+realtor.ca
1000250688+Ontario+Inc.|88|https://www.google.com/search?q=1000250688+Ontario+Inc.+realtor.ca
2734100+Ontario+Inc.|79|https://www.google.com/search?q=2734100+Ontario+Inc.+realtor.ca
1919832+Ontario+Inc.|71|https://www.google.com/search?q=1919832+Ontario+Inc.+realtor.ca
1848726+Ontario+Inc.|64|https://www.google.com/search?q=1848726+Ontario+Inc.+realtor.ca
2699521+Ontario+Inc.|56|https://www.google.com/search?q=2699521+Ontario+Inc.+realtor.ca
2851365+Ontario+Inc.|48|https://www.google.com/search?q=2851365+Ontario+Inc.+realtor.ca
1000256476+Ontario+Inc.|45|https://www.google.com/search?q=1000256476+Ontario+Inc.+realtor.ca
2712628+Ontario+Inc.|45|https://www.google.com/search?q=2712628+Ontario+Inc.+realtor.ca
2618259+Ontario+Inc.|38|https://www.google.com/search?q=2618259+Ontario+Inc.+realtor.ca
1917149+Ontario+Inc.|36|https://www.google.com/search?q=1917149+Ontario+Inc.+realtor.ca
2596845+Ontario+Inc.|32|https://www.google.com/search?q=2596845+Ontario+Inc.+realtor.ca
1000212273+Ontario+Inc.|29|https://www.google.com/search?q=1000212273+Ontario+Inc.+realtor.ca
2706375+Ontario+Inc.|28|https://www.google.com/search?q=2706375+Ontario+Inc.+realtor.ca
1000571970+Ontario+Inc.|27|https://www.google.com/search?q=1000571970+Ontario+Inc.+realtor.ca
1022989+Ontario+Limited|25|https://www.google.com/search?q=1022989+Ontario+Limited+realtor.ca
2455884+Ontario+Inc.|25|https://www.google.com/search?q=2455884+Ontario+Inc.+realtor.ca
2605448+Ontario+Inc.|25|https://www.google.com/search?q=2605448+Ontario+Inc.+realtor.ca
2648413+Ontario+Inc.|24|https://www.google.com/search?q=2648413+Ontario+Inc.+realtor.ca
1965128+Ontario+Inc.|23|https://www.google.com/search?q=1965128+Ontario+Inc.+realtor.ca
1000158617+Ontario+Inc.|20|https://www.google.com/search?q=1000158617+Ontario+Inc.+realtor.ca
2823711+Ontario+Limited|20|https://www.google.com/search?q=2823711+Ontario+Limited+realtor.ca
2540017+Ontario+Inc.|19|https://www.google.com/search?q=2540017+Ontario+Inc.+realtor.ca
2560647+Ontario+Inc.|18|https://www.google.com/search?q=2560647+Ontario+Inc.+realtor.ca
2651197+Ontario+Inc.|18|https://www.google.com/search?q=2651197+Ontario+Inc.+realtor.ca
1000063733+Ontario+Inc.|17|https://www.google.com/search?q=1000063733+Ontario+Inc.+realtor.ca
1000082495+Ontario+Limited|16|https://www.google.com/search?q=1000082495+Ontario+Limited+realtor.ca
2162559+Ontario+Inc.|16|https://www.google.com/search?q=2162559+Ontario+Inc.+realtor.ca
2532686+Ontario+Inc.|16|https://www.google.com/search?q=2532686+Ontario+Inc.+realtor.ca
2518951+Ontario+Inc.|14|https://www.google.com/search?q=2518951+Ontario+Inc.+realtor.ca
2816012+Ontario+Inc.|14|https://www.google.com/search?q=2816012+Ontario+Inc.+realtor.ca
2282255+Ontario+Inc.|13|https://www.google.com/search?q=2282255+Ontario+Inc.+realtor.ca
2562161+Ontario+Limited|13|https://www.google.com/search?q=2562161+Ontario+Limited+realtor.ca
2641504+Ontario+Inc.|13|https://www.google.com/search?q=2641504+Ontario+Inc.+realtor.ca
1000341862+Ontario+Limited|12|https://www.google.com/search?q=1000341862+Ontario+Limited+realtor.ca
2810074+Ontario+Inc.|12|https://www.google.com/search?q=2810074+Ontario+Inc.+realtor.ca
2842451+Ontario+Inc.|12|https://www.google.com/search?q=2842451+Ontario+Inc.+realtor.ca
2825401+Ontario+Inc.|11|https://www.google.com/search?q=2825401+Ontario+Inc.+realtor.ca
2736239+Ontario+Inc.|10|https://www.google.com/search?q=2736239+Ontario+Inc.+realtor.ca
2810764+Ontario+Inc.|10|https://www.google.com/search?q=2810764+Ontario+Inc.+realtor.ca
1000163556+Ontario+Inc.|9|https://www.google.com/search?q=1000163556+Ontario+Inc.+realtor.ca
1000335997+Ontario+Inc.|9|https://www.google.com/search?q=1000335997+Ontario+Inc.+realtor.ca
1000408515+Ontario+Inc.|9|https://www.google.com/search?q=1000408515+Ontario+Inc.+realtor.ca
1773966+Ontario+Inc.|9|https://www.google.com/search?q=1773966+Ontario+Inc.+realtor.ca
2514510+Ontario+Inc.|9|https://www.google.com/search?q=2514510+Ontario+Inc.+realtor.ca
2742705+Ontario+Inc.|9|https://www.google.com/search?q=2742705+Ontario+Inc.+realtor.ca
2779028+Ontario+Inc.|9|https://www.google.com/search?q=2779028+Ontario+Inc.+realtor.ca
2246229+Ontario+Inc.|8|https://www.google.com/search?q=2246229+Ontario+Inc.+realtor.ca
2490931+Ontario+Inc.|8|https://www.google.com/search?q=2490931+Ontario+Inc.+realtor.ca
2708011+Ontario+Inc.|8|https://www.google.com/search?q=2708011+Ontario+Inc.+realtor.ca
2708874+Ontario+Inc.|8|https://www.google.com/search?q=2708874+Ontario+Inc.+realtor.ca
2839158+Ontario+Inc.|8|https://www.google.com/search?q=2839158+Ontario+Inc.+realtor.ca
1000037080+Ontario+Inc.|7|https://www.google.com/search?q=1000037080+Ontario+Inc.+realtor.ca
1000171862+Ontario+Inc.|7|https://www.google.com/search?q=1000171862+Ontario+Inc.+realtor.ca
1868843+Ontario+Inc.|7|https://www.google.com/search?q=1868843+Ontario+Inc.+realtor.ca
2355017+Ontario+Inc.|7|https://www.google.com/search?q=2355017+Ontario+Inc.+realtor.ca
2396222+Ontario+Inc.|7|https://www.google.com/search?q=2396222+Ontario+Inc.+realtor.ca
2734496+Ontario+Inc.|7|https://www.google.com/search?q=2734496+Ontario+Inc.+realtor.ca
2787939+Ontario+Inc.|7|https://www.google.com/search?q=2787939+Ontario+Inc.+realtor.ca
Nest+Seekers+Ontario+Inc.|7|https://www.google.com/search?q=Nest+Seekers+Ontario+Inc.+realtor.ca
1000363822+Ontario+Inc.|6|https://www.google.com/search?q=1000363822+Ontario+Inc.+realtor.ca
1000678677+Ontario+Limited|6|https://www.google.com/search?q=1000678677+Ontario+Limited+realtor.ca
1950545+Ontario+Inc.|6|https://www.google.com/search?q=1950545+Ontario+Inc.+realtor.ca
2594650+Ontario+Inc.|6|https://www.google.com/search?q=2594650+Ontario+Inc.+realtor.ca
2623526+Ontario+Inc.|6|https://www.google.com/search?q=2623526+Ontario+Inc.+realtor.ca
2632485+Ontario+Inc.|6|https://www.google.com/search?q=2632485+Ontario+Inc.+realtor.ca
2806408+Ontario+Inc.|6|https://www.google.com/search?q=2806408+Ontario+Inc.+realtor.ca
1000059635+Ontario+Inc.|5|https://www.google.com/search?q=1000059635+Ontario+Inc.+realtor.ca
1927490+Ontario+Inc.|5|https://www.google.com/search?q=1927490+Ontario+Inc.+realtor.ca
2524592+Ontario+Inc.|5|https://www.google.com/search?q=2524592+Ontario+Inc.+realtor.ca
2527377+Ontario+Inc.|5|https://www.google.com/search?q=2527377+Ontario+Inc.+realtor.ca
2570924+Ontario+Inc.|5|https://www.google.com/search?q=2570924+Ontario+Inc.+realtor.ca
2607842+Ontario+Inc.|5|https://www.google.com/search?q=2607842+Ontario+Inc.+realtor.ca
2641700+Ontario+Inc.|5|https://www.google.com/search?q=2641700+Ontario+Inc.+realtor.ca
2674471+Ontario+Inc.|5|https://www.google.com/search?q=2674471+Ontario+Inc.+realtor.ca
2817660+Ontario+Inc.|5|https://www.google.com/search?q=2817660+Ontario+Inc.+realtor.ca
1000335630+Ontario+Inc.|4|https://www.google.com/search?q=1000335630+Ontario+Inc.+realtor.ca
1000521333+Ontario+Inc.|4|https://www.google.com/search?q=1000521333+Ontario+Inc.+realtor.ca
1730568+Ontario+Inc.|4|https://www.google.com/search?q=1730568+Ontario+Inc.+realtor.ca
2391898+Ontario+Inc.|4|https://www.google.com/search?q=2391898+Ontario+Inc.+realtor.ca
2518104+Ontario+Inc.|4|https://www.google.com/search?q=2518104+Ontario+Inc.+realtor.ca
2578928+Ontario+Inc.|4|https://www.google.com/search?q=2578928+Ontario+Inc.+realtor.ca
2805609+Ontario+Inc.|4|https://www.google.com/search?q=2805609+Ontario+Inc.+realtor.ca
1000294995+Ontario+Inc.|3|https://www.google.com/search?q=1000294995+Ontario+Inc.+realtor.ca
1891889+Ontario+Inc.|3|https://www.google.com/search?q=1891889+Ontario+Inc.+realtor.ca
1997959+Ontario+Inc.|3|https://www.google.com/search?q=1997959+Ontario+Inc.+realtor.ca
2482212+Ontario+Inc.|3|https://www.google.com/search?q=2482212+Ontario+Inc.+realtor.ca
2512068+Ontario+Inc.|3|https://www.google.com/search?q=2512068+Ontario+Inc.+realtor.ca
2530134+Ontario+Inc.|3|https://www.google.com/search?q=2530134+Ontario+Inc.+realtor.ca
2683640+Ontario+Inc.|3|https://www.google.com/search?q=2683640+Ontario+Inc.+realtor.ca
2715504+Ontario+Inc.|3|https://www.google.com/search?q=2715504+Ontario+Inc.+realtor.ca
2775737+Ontario+Inc.|3|https://www.google.com/search?q=2775737+Ontario+Inc.+realtor.ca
1000081140+Ontario+Inc.|2|https://www.google.com/search?q=1000081140+Ontario+Inc.+realtor.ca
1000238677+Ontario+Limited|2|https://www.google.com/search?q=1000238677+Ontario+Limited+realtor.ca
1000283979+Ontario+Inc.|2|https://www.google.com/search?q=1000283979+Ontario+Inc.+realtor.ca
1000419723+Ontario+Limited|2|https://www.google.com/search?q=1000419723+Ontario+Limited+realtor.ca
1000472272+Ontario+Inc.|2|https://www.google.com/search?q=1000472272+Ontario+Inc.+realtor.ca
1000493011+Ontario+Inc.|2|https://www.google.com/search?q=1000493011+Ontario+Inc.+realtor.ca
1989617+Ontario+Inc.|2|https://www.google.com/search?q=1989617+Ontario+Inc.+realtor.ca
1995009+Ontario+Inc.|2|https://www.google.com/search?q=1995009+Ontario+Inc.+realtor.ca
2158833+Ontario+Inc.|2|https://www.google.com/search?q=2158833+Ontario+Inc.+realtor.ca
2338218+Ontario+Inc.|2|https://www.google.com/search?q=2338218+Ontario+Inc.+realtor.ca
2457415+Ontario+Inc.|2|https://www.google.com/search?q=2457415+Ontario+Inc.+realtor.ca
2524041+Ontario+Inc.|2|https://www.google.com/search?q=2524041+Ontario+Inc.+realtor.ca
2526675+Ontario+Inc.|2|https://www.google.com/search?q=2526675+Ontario+Inc.+realtor.ca
2536171+Ontario+Inc.|2|https://www.google.com/search?q=2536171+Ontario+Inc.+realtor.ca
2561434+Ontario+Inc.|2|https://www.google.com/search?q=2561434+Ontario+Inc.+realtor.ca
2584233+Ontario+Inc.|2|https://www.google.com/search?q=2584233+Ontario+Inc.+realtor.ca
2659915+Ontario+Inc.|2|https://www.google.com/search?q=2659915+Ontario+Inc.+realtor.ca
2667010+Ontario+Limited|2|https://www.google.com/search?q=2667010+Ontario+Limited+realtor.ca
2668540+Ontario+Inc.|2|https://www.google.com/search?q=2668540+Ontario+Inc.+realtor.ca
2689788+Ontario+Inc.|2|https://www.google.com/search?q=2689788+Ontario+Inc.+realtor.ca
2716742+Ontario+Inc.|2|https://www.google.com/search?q=2716742+Ontario+Inc.+realtor.ca
2726653+Ontario+Inc.|2|https://www.google.com/search?q=2726653+Ontario+Inc.+realtor.ca
2756849+Ontario+Inc.|2|https://www.google.com/search?q=2756849+Ontario+Inc.+realtor.ca
2797655+Ontario+Inc.|2|https://www.google.com/search?q=2797655+Ontario+Inc.+realtor.ca
2819179+Ontario+Inc.|2|https://www.google.com/search?q=2819179+Ontario+Inc.+realtor.ca
2842617+Ontario+Inc.|2|https://www.google.com/search?q=2842617+Ontario+Inc.+realtor.ca
2844748+Ontario+Limited|2|https://www.google.com/search?q=2844748+Ontario+Limited+realtor.ca
5020992+Ontario+Inc.|2|https://www.google.com/search?q=5020992+Ontario+Inc.+realtor.ca
1000482465+Ontario+Inc.|1|https://www.google.com/search?q=1000482465+Ontario+Inc.+realtor.ca
1000626244+Ontario+Inc.|1|https://www.google.com/search?q=1000626244+Ontario+Inc.+realtor.ca
1000667840+Ontario+Inc.|1|https://www.google.com/search?q=1000667840+Ontario+Inc.+realtor.ca
1733166+Ontario+Inc.|1|https://www.google.com/search?q=1733166+Ontario+Inc.+realtor.ca
1762596+Ontario+Inc.|1|https://www.google.com/search?q=1762596+Ontario+Inc.+realtor.ca
1822693+Ontario+Inc.|1|https://www.google.com/search?q=1822693+Ontario+Inc.+realtor.ca
1830106+Ontario+Inc.|1|https://www.google.com/search?q=1830106+Ontario+Inc.+realtor.ca
1923868+Ontario+Inc.|1|https://www.google.com/search?q=1923868+Ontario+Inc.+realtor.ca
2260079+Ontario+Inc.|1|https://www.google.com/search?q=2260079+Ontario+Inc.+realtor.ca
2305969+Ontario+Inc.|1|https://www.google.com/search?q=2305969+Ontario+Inc.+realtor.ca
2362457+Ontario+Inc.|1|https://www.google.com/search?q=2362457+Ontario+Inc.+realtor.ca
2427277+Ontario+Inc.|1|https://www.google.com/search?q=2427277+Ontario+Inc.+realtor.ca
2432594+Ontario+Inc.|1|https://www.google.com/search?q=2432594+Ontario+Inc.+realtor.ca
2462835+Ontario+Inc.|1|https://www.google.com/search?q=2462835+Ontario+Inc.+realtor.ca
2528771+Ontario+Inc.|1|https://www.google.com/search?q=2528771+Ontario+Inc.+realtor.ca
2539947+Ontario+Inc.|1|https://www.google.com/search?q=2539947+Ontario+Inc.+realtor.ca
2549437+Ontario+Inc.|1|https://www.google.com/search?q=2549437+Ontario+Inc.+realtor.ca
2566466+Ontario+Inc.|1|https://www.google.com/search?q=2566466+Ontario+Inc.+realtor.ca
2601373+Ontario+Inc.|1|https://www.google.com/search?q=2601373+Ontario+Inc.+realtor.ca
2634922+Ontario+Inc.|1|https://www.google.com/search?q=2634922+Ontario+Inc.+realtor.ca
2717939+Ontario+Inc.|1|https://www.google.com/search?q=2717939+Ontario+Inc.+realtor.ca
2723864+Ontario+Inc.|1|https://www.google.com/search?q=2723864+Ontario+Inc.+realtor.ca
2749087+Ontario+Inc.|1|https://www.google.com/search?q=2749087+Ontario+Inc.+realtor.ca
2756365+Ontario+Inc.|1|https://www.google.com/search?q=2756365+Ontario+Inc.+realtor.ca
2818301+Ontario+Inc.|1|https://www.google.com/search?q=2818301+Ontario+Inc.+realtor.ca
2822847+Ontario+Inc.|1|https://www.google.com/search?q=2822847+Ontario+Inc.+realtor.ca
2828245+Ontario+Inc.|1|https://www.google.com/search?q=2828245+Ontario+Inc.+realtor.ca
2843852+Ontario+Inc.|1|https://www.google.com/search?q=2843852+Ontario+Inc.+realtor.ca
2847675+Ontario+Inc.|1|https://www.google.com/search?q=2847675+Ontario+Inc.+realtor.ca
2860948+Ontario+Inc.|1|https://www.google.com/search?q=2860948+Ontario+Inc.+realtor.ca
5009760+Ontario+Inc.|1|https://www.google.com/search?q=5009760+Ontario+Inc.+realtor.ca
5020993+Ontario+Inc.|1|https://www.google.com/search?q=5020993+Ontario+Inc.+realtor.ca
5022040+Ontario+Inc.|1|https://www.google.com/search?q=5022040+Ontario+Inc.+realtor.ca
5027212+Ontario+Inc.|1|https://www.google.com/search?q=5027212+Ontario+Inc.+realtor.ca
Realty+Hub+Ontario+Inc.|1|https://www.google.com/search?q=Realty+Hub+Ontario+Inc.+realtor.ca
