brokerage,total_agents,with_email,email_percentage
Unknown,31610,31533,99.8%
Signature Realty Inc.,1255,0,0.0%
Homelife New World Realty Inc,688,3,0.4%
Century 21 People's Choice Realty Inc.,555,0,0.0%
Homelife Superstars Real Estate Limited,436,0,0.0%
Century 21 Percy Fulton Ltd,403,0,0.0%
Homeward Inc.,345,0,0.0%
Crone Realty Ltd.,304,0,0.0%
RE/MAX First Realty,296,296,100.0%
Zinati Realty,264,264,100.0%
Homelife Galaxy Real Estate Ltd.,250,0,0.0%
CBRE Ltd,237,206,86.9%
Incompro Realty Ltd,236,235,99.6%
Zolo Realty,216,215,99.5%
Colliers International,186,153,82.3%
Coldwell Banker Southwest Realty,175,175,100.0%
Homelife/cimerman Real Estate Ltd,160,0,0.0%
Land/Max Realty,135,135,100.0%
Cushman &amp; Wakefield Ltd,129,75,58.1%
Queensway Real Estate Brokerage Inc.,128,0,0.0%
Realcor,127,127,100.0%
DTZ Barnicke Waterloo Wellington Ltd,123,123,100.0%
Homelife/vision Realty Inc.,123,0,0.0%
Homelife Today Realty Ltd.,122,0,0.0%
Royal LePage Macro Realty,105,105,100.0%
Avison Young,102,83,81.4%
World Class Realty Point Brokerage Inc.,89,0,0.0%
Homecomfort Realty Inc.,83,0,0.0%
Royal LePage Burloak,79,79,100.0%
Century 21 President Realty,77,77,100.0%
Slavins &amp; Associates Real Estate,73,72,98.6%
Sutton Group-associates Realty Inc.,73,0,0.0%
CB Richard Ellis,71,62,87.3%
Peak Realty Ltd,71,70,98.6%
Keller Williams Referred Urban Realty,70,70,100.0%
Homelife/champions Realty Inc,67,0,0.0%
Sutton Group - Heritage Realty,63,63,100.0%
Homelife Gold Pacific Realty Inc.,63,0,0.0%
Supreme Realty Inc.,63,0,0.0%
Jones Lang LaSalle,61,18,29.5%
Oakview Capital Inc,61,60,98.4%
2734100 Ontario Inc.,61,0,0.0%
Trade One Realty Inc.,61,0,0.0%
Accretive Realty Partners,60,59,98.3%
Brascan Financial,57,55,96.5%
RE/MAX Unique Inc,54,54,100.0%
RE/MAX,50,49,98.0%
Royal LePage Real Estate Services,49,44,89.8%
Skyview Realty Ltd,48,48,100.0%
Soltanian Real Estate Inc.,48,0,0.0%
Coupal Markou Commercial Real Estate Inc,47,47,100.0%
Sincere Realty Inc,47,14,29.8%
Royal LePage Real Estate Professionals,47,45,95.7%
Coldwell Banker - Peter Benninger Realty,47,47,100.0%
Brixton Commercial Real Estate Corp,46,46,100.0%
Home Leader Realty Inc.,40,0,0.0%
Homelife/realty One Ltd.,40,0,0.0%
Nicholson Realty,39,39,100.0%
Royal LePage Terrequity Realty,37,37,100.0%
Right at Home Realty,36,34,94.4%
Brookfield Financial Real Estate,36,35,97.2%
CLV Realty Group,36,36,100.0%
Lennard Commercial Realty,36,32,88.9%
Tradeworld Realty Inc,35,35,100.0%
Lennard Commercial,32,29,90.6%
Royal LePage Your Community Realty,32,24,75.0%
Our Neighbourhood Realty Inc,32,31,96.9%
Royal LePage,32,32,100.0%
RE/MAX West Realty,31,27,87.1%
Harvey Kalles Real Estate,31,28,90.3%
Real Land Realty Inc.,31,0,0.0%
Synercapital,30,30,100.0%
Sutton Group - Ottawa Realty,30,30,100.0%
Royal LePage RCR,29,28,96.6%
Cloud Realty Inc,29,28,96.6%
Century 21 First Canadian Corp,29,26,89.7%
BMO Capital Markets,29,29,100.0%
Cushman &amp; Wakefield LePage,29,29,100.0%
Coldwell Banker Commercial Integrity,29,29,100.0%
Moveta Realty,29,29,100.0%
RE/MAX Hallmark Realty,28,24,85.7%
Harvest Realty Ltd.,28,0,0.0%
Orion Realty Corporation,28,0,0.0%
Jones Lang LaSalle Real Estate Services Inc,27,27,100.0%
Sutton Group - Tower Realty Ltd.,27,0,0.0%
Mysak Realty Inc,26,26,100.0%
CBRE,26,22,84.6%
RE/MAX Real Estate Centre,26,26,100.0%
Colliers International Niagara,26,26,100.0%
Zinati Commercial Realty,25,25,100.0%
Peak Point Real Estate,25,25,100.0%
Homelife Local Real Estate Ltd,24,0,0.0%
Chi Real Estate,23,23,100.0%
Smart Choice Realty Solutions Inc.,23,0,0.0%
Bridlepath Progressive Real Estate,22,21,95.5%
Cushman &amp; Wakefield Ottawa,22,20,90.9%
Royal LePage Signature Realty,22,17,77.3%
Harvey Kalles Real Estate Ltd,22,22,100.0%
NAI Park Capital,21,21,100.0%
Coldwell Banker First Ottawa,21,21,100.0%
RE/MAX Realtron Realty,21,21,100.0%
Homelife Regional Realty Ltd,21,0,0.0%
The Guardian Home Realty Inc.,21,0,0.0%
Ashlar Urban Realty,20,18,90.0%
RE/MAX Twin City Realty,20,20,100.0%
Royal LePage RCR Realty,20,20,100.0%
Royal LePage Binder Real Estate,20,20,100.0%
Colliers International London,20,20,100.0%
Canovin Realty Inc.,20,0,0.0%
Cushman &amp; Wakefield Kingston,19,13,68.4%
Maven Commercial,19,19,100.0%
DTZ Barnicke,19,16,84.2%
Coldwell Banker Thompson Real Estate,19,17,89.5%
Cityscape Real Estate Ltd,19,19,100.0%
Guaranteed Real Estate Services Inc,19,19,100.0%
City Commercial Realty,19,19,100.0%
Forest Hill Real Estate,19,18,94.7%
2648413 Ontario Inc.,19,0,0.0%
Main Street Realty Ltd,18,17,94.4%
Royal LePage Meadowtowne Realty,18,18,100.0%
Royal LePage ProAlliance Realty,18,18,100.0%
Sutton Group Old Mill Realty,18,18,100.0%
Real One Realty,18,15,83.3%
Monopoly Commercial Realty,18,18,100.0%
Esbin Realty,18,18,100.0%
5i5j Realty Inc.,18,0,0.0%
TD Securities Inc,17,17,100.0%
Cushman &amp; Wakefield ULC,17,5,29.4%
Royal LePage Team Realty,17,15,88.2%
RE/MAX Advantage Realty,17,17,100.0%
C Ashley Realty Inc,17,17,100.0%
Rexton Commercial,16,15,93.8%
RE/MAX Realty Specialists,16,13,81.2%
Koble Commercial Real Estate,16,15,93.8%
KPMG Realty,16,15,93.8%
Colliers,16,14,87.5%
Tamarack Real Estate Corp,16,16,100.0%
Indusite Realty Corp,16,6,37.5%
Marcus &amp; Millichap,16,15,93.8%
RE/MAX Twin City Realty Inc,15,15,100.0%
Royal LePage North Heritage Realty,15,14,93.3%
jj Barnicke,15,15,100.0%
Homelife Power Realty,15,15,100.0%
Haiya-maan Inc.,15,0,0.0%
Atv Realty Inc,15,0,0.0%
RE/MAX Centre City,14,12,85.7%
BMO Capital Markets Real Estate,14,14,100.0%
Vanguard Realty,14,12,85.7%
Royal LePage Triland Realty,14,13,92.9%
JUMP Realty Inc,14,13,92.9%
Facilities Commercial,14,14,100.0%
Coldwell Banker Sarazen Realty,14,13,92.9%
Porritt Real Estate Inc.,14,0,0.0%
RBC Capital Markets,13,11,84.6%
IPro Realty,13,11,84.6%
TD Securities,13,13,100.0%
RE/MAX Ultimate Realty,13,13,100.0%
Synercapital Investment Realty,13,13,100.0%
Remo Valente Real Estate,13,13,100.0%
Royal LePage State Realty,13,13,100.0%
Avila Realty Group Inc.,13,0,0.0%
Reed Realty,12,10,83.3%
Bosley Real Estate,12,12,100.0%
Cushman &amp; Wakefield Waterloo Region,12,5,41.7%
Stonebank Apartment Experts,12,12,100.0%
Keller Williams Referred Realty,12,12,100.0%
Homelife Macro Realty,12,12,100.0%
RE/MAX Dynasty Realty,12,12,100.0%
RE/MAX All-Stars Realty,12,11,91.7%
Homelife Landmark Realty,12,12,100.0%
Friends Realty Inc.,12,0,0.0%
James So Realty Ltd,12,0,0.0%
Bentallgreenoak (canada) Limited Partnership,12,0,0.0%
Park Place Referral Realty Inc.,12,0,0.0%
Master Home Realty Inc.,12,0,0.0%
Brookfield Financial Real Estate Group Ltd,11,11,100.0%
Coldwell Banker Ronan Realty,11,11,100.0%
Brindley Auction Services,11,10,90.9%
Colliers International Niagara Ltd,11,11,100.0%
Sutton Group Quantum Realty,11,10,90.9%
RBC Capital Markets Realty,11,6,54.5%
Royal LePage Elite Realty,11,10,90.9%
Sotheby&#039;s International,11,11,100.0%
David Lang Real Estate,11,10,90.9%
Ambitious Realty Advisors Inc,11,11,100.0%
Royal LePage Action Realty,11,11,100.0%
Freeman Realty,11,11,100.0%
Sutton Group - Preferred Realty,11,11,100.0%
Intercity Realty,11,7,63.6%
2518951 Ontario Inc.,11,0,0.0%
Realty 7 Ltd.,11,0,0.0%
Sol City Realty Limited,11,0,0.0%
Chestnut Park Realty SW,10,9,90.0%
Keller Williams,10,10,100.0%
District Realty,10,10,100.0%
Homelife Miracle Realty,10,10,100.0%
Sutton Group Incentive Realty,10,8,80.0%
Rentex Realty,10,8,80.0%
CIBC World Markets,10,9,90.0%
Blair Blanchard Stapleton,10,8,80.0%
RE/MAX Premier,10,9,90.0%
Metropolitan Commercial Realty,10,10,100.0%
Sutton Group - Masters Realty,10,10,100.0%
Homelife / New Star Real Estate,10,10,100.0%
Rogers &amp; Trainor Commercial Realty,10,7,70.0%
Bridlepath Progressive Real Estate Inc.,10,0,0.0%
Envoy Capitol Realty Inc.,10,0,0.0%
10163589 Canada Inc.,10,0,0.0%
10703702 Canada Inc.,10,0,0.0%
Southvale Realty Inc.,10,0,0.0%
Red Leaf Real Estate Ltd,9,8,88.9%
D. W. Gould Realty Advisors,9,9,100.0%
Primecorp Commercial Realty Inc,9,9,100.0%
Stone Castle Realty Group,9,8,88.9%
BMO Capital Markets Real Estate Inc,9,9,100.0%
Whitney &amp; Company Realty,9,7,77.8%
Vanguard Realty Brokerage Corp,9,7,77.8%
Coldwell Banker - Peter Benninger Real Estate,9,9,100.0%
Royal LePage Signature,9,6,66.7%
McIntyre Real Estate,9,9,100.0%
Sutton Group - Associates Realty,9,9,100.0%
PRO/COM Realty Corp,9,8,88.9%
Century 21 Regal Realty,9,9,100.0%
RE/MAX Solid Realty,9,9,100.0%
Shackleton&#039;s Real Estate &amp; Auctions Co,9,9,100.0%
GTA Realty Ltd,9,9,100.0%
RE/MAX Chay,9,9,100.0%
RE/MAX Quality One,9,9,100.0%
2162559 Ontario Inc.,9,0,0.0%
Institutional Property Advisors,8,8,100.0%
"Jordan Palmer, Scott Anderson &amp; David Anderson, 519-585-2200Lennard Commercial Realty",8,8,100.0%
REN/TEX Realty Inc,8,4,50.0%
Engel &amp; Volkers Collingwood,8,7,87.5%
Buckingham Realty,8,8,100.0%
"Eli Fleischmann, Gary Morassutti, Pat Luca &amp; David Tweedie, 416-842-8900Avison Young Commercial Real Estate",8,7,87.5%
Homelife/Miracle Realty,8,5,62.5%
JDF Realty Ltd,8,5,62.5%
Coupal Markou Commercial Real Estate,8,5,62.5%
RE/MAX Preferred Realty,8,7,87.5%
EXP Realty,8,7,87.5%
TD Cornerstone Commercial Realty Inc,8,4,50.0%
Brookfield Financial Real Estate Group,8,8,100.0%
Sutton Group - Security Real Estate,8,8,100.0%
Century 21 Leading Edge Realty,8,5,62.5%
Coldwell Banker Peter Benninger Realty,8,8,100.0%
Sotheby&#039;s International Realty,8,8,100.0%
Mer/Ax Realty Inc,8,7,87.5%
RE/MAX Professionals,8,6,75.0%
DTZ,8,7,87.5%
RE/MAX Paramount Realty,8,8,100.0%
Coldwell Banker Integrity Realty,8,5,62.5%
RE/MAX Professionals Inc,8,8,100.0%
RE/MAX Chay Realty,8,8,100.0%
Homelife/Bayview Realty,8,8,100.0%
nvestpro Realty,8,8,100.0%
Commtrac Realty,8,8,100.0%
Prudential Ronan Realty,8,8,100.0%
Coldwell Banker Rideau Heartland Realty,8,8,100.0%
Baytree Real Estate Inc.,8,0,0.0%
Target West Realty Inc.,8,0,0.0%
RE/MAX Escarpment,7,7,100.0%
Sage Real Estate Ltd,7,7,100.0%
RE/MAX Advantage Realty Ltd,7,6,85.7%
ROCK Advisors Inc,7,7,100.0%
Century 21 United Realty,7,7,100.0%
Royal LePage Peifer Realty,7,6,85.7%
Avison Young Inc,7,7,100.0%
IPA Marcus Millichap,7,6,85.7%
Royal LePage Frank Real Estate,7,4,57.1%
RE/MAX Realty Services,7,5,71.4%
RE/MAX Escarpment Realty,7,7,100.0%
Blair Blanchard Stapleton Ltd,7,7,100.0%
Vanguard Realty Brokerage Corp.,7,7,100.0%
Stonecastle Realty Group,7,7,100.0%
Urban Avenue Realty,7,7,100.0%
Ed Lowe Real Estate,7,7,100.0%
RE/MAX Niagara Realty,7,7,100.0%
Royal LePage Estate Realty,7,6,85.7%
Royal LePage Golden Ridge Realty,7,7,100.0%
City Commercial Realty Group Ltd,7,7,100.0%
Binswanger Hectare,7,7,100.0%
Whitney and Company,7,7,100.0%
Sotheby&#039;s International Realty Canada,7,7,100.0%
Eastdil Secured,7,7,100.0%
Homelife/Realty Centre,7,7,100.0%
Cushman &amp; Wakefield,7,1,14.3%
Royal LePage Performance Realty,7,7,100.0%
RE/MAX Garden City Realty,7,7,100.0%
Homelife/golden East Realty Inc.,7,0,0.0%
Johnston & Green Real Estate Ltd,7,0,0.0%
Maple Life Realty Inc.,7,0,0.0%
SVN Rock Advisors,6,6,100.0%
Royal LePage Commercial,6,4,66.7%
BMO Nesbitt Burns Real Estate,6,6,100.0%
Ed Lowe Ltd,6,3,50.0%
Colliers International Toronto West Office,6,6,100.0%
Ellington Partners,6,5,83.3%
Colliers Capital Markets Canada,6,5,83.3%
Ashlar Urban Realty Inc,6,6,100.0%
Cushman &amp; Wakefield Southwestern Ontario,6,5,83.3%
Primecorp Commercial Realty,6,6,100.0%
Homelife Superstars Real Estate,6,5,83.3%
RE/MAX Gold Realty,6,4,66.7%
Whitney &amp; Company Realty Ltd,6,2,33.3%
Spear Realty,6,6,100.0%
Urban Real Estate Ltd,6,5,83.3%
Encore Advisors,6,4,66.7%
Anzar Group Inc,6,5,83.3%
Lee &amp; Associates Commercial Real Estate Services,6,4,66.7%
Ekort Realty Ltd,6,6,100.0%
TD Cornerstone,6,6,100.0%
Cambridge Mercantile Realty,6,6,100.0%
RE/MAX Quinte Ltd,6,6,100.0%
The Behar Group,6,6,100.0%
Royal LePage Grand Valley Realty,6,6,100.0%
RE/MAX Premier Inc,6,5,83.3%
Laceby Estate,6,3,50.0%
Royal LePage New Concept,6,6,100.0%
RE/MAX Capital Inc,6,6,100.0%
Chestnut Park Real Estate,6,6,100.0%
RE/MAX Centre City Realty,6,6,100.0%
Sutton Realty,6,6,100.0%
Realty Executives Elite Ltd,6,6,100.0%
Seguin Realty,6,6,100.0%
Cityscape Real Estate,6,6,100.0%
Rainbow Realty Ltd,6,6,100.0%
RE/MAX Niagara Realty Ltd,6,6,100.0%
Living Realty,6,5,83.3%
Colliers Hotels,6,0,0.0%
The Apartment Specialists,6,6,100.0%
Keller Williams Advantage Realty,6,6,100.0%
Condosdeal Inc.,6,0,0.0%
Babiak Team Real Estate Brokerage Ltd.,6,0,0.0%
2787939 Ontario Inc.,6,0,0.0%
Condoman Realty Inc.,6,0,0.0%
Regal Asset Holdings Inc.,6,0,0.0%
New Century Real Estate Corp,6,0,0.0%
Winpax Realty Inc.,6,0,0.0%
Capital North Commercial Realty,5,3,60.0%
Brewing Brokers Realty Inc,5,4,80.0%
Citi Brokers Realty Inc,5,2,40.0%
SVN Rock Advisors Inc,5,5,100.0%
Spectrum Realty Services Inc,5,5,100.0%
RBC Capital Markets Real Estate Group,5,4,80.0%
Vanguard Realty Corp,5,5,100.0%
Paracom Realty Corp,5,2,40.0%
Keller Williams Preferred Realty,5,5,100.0%
Lee &amp; Associates,5,5,100.0%
Culligan Real Estate,5,5,100.0%
ProJet Corp Realty,5,1,20.0%
Norman Hill Realty Inc,5,5,100.0%
Qube Properties Ltd,5,2,40.0%
Royal LePage Crown Realty,5,4,80.0%
Mallette-Goring Real Estate,5,3,60.0%
Coldwell Banker Commercial Peter Benninger Realty,5,3,60.0%
Spectrum Realty,5,4,80.0%
"Blair Blanchard Stapleton: Kevin McAleese &amp; Rod Wright, 905-634-4567Colliers International",5,5,100.0%
Hazelton Real Estate Inc,5,5,100.0%
Keller Williams Portfolio,5,5,100.0%
RE/MAX Affiliates Realty,5,5,100.0%
RE/MAX Jazz Inc,5,5,100.0%
Coldwell Banker Peter Benninger Real Estate,5,5,100.0%
Avison Young National Apartment Team,5,5,100.0%
Royal LePage Supreme Realty,5,5,100.0%
RE/MAX Hallmark,5,5,100.0%
Goudy Real Estate,5,5,100.0%
Sutton Group - Innovative Realty,5,5,100.0%
Rock Star Real Estate,5,5,100.0%
Sutton Group - Associated Realty,5,5,100.0%
CPM Realty,5,5,100.0%
U Realty Group,5,5,100.0%
Power Marketing Real Estate,5,5,100.0%
Cushman &amp; Wakefield Waterloo,5,5,100.0%
Reio Realty,5,4,80.0%
Cube Realty Advisors,5,3,60.0%
Mysak Realty Ltd,5,5,100.0%
Norman Hill Realty,5,5,100.0%
Keller Williams Complete Realty,5,5,100.0%
Central Commercial Real Estate,5,3,60.0%
Royal LePage Niagara Real Estate Centre,5,4,80.0%
Your Choice Realty Corp,5,4,80.0%
RE/MAX Hallmark Realty Ltd,5,5,100.0%
Homelife/City Hill Realty,5,5,100.0%
Cancorp Realty Inc,5,5,100.0%
RE/MAX Metro-City Realty,5,5,100.0%
Barclay Commercial Corp,5,5,100.0%
RE/MAX Realty One Inc,5,5,100.0%
DTZ Barnicke London Windsor Sarnia Ltd,5,5,100.0%
MFS Realty Services Inc,5,5,100.0%
RE/MAX Performance Realty,5,5,100.0%
Save Max Supreme Real Estate,5,5,100.0%
Re/Max Legend Real Estate,5,5,100.0%
jjBarnicke,5,5,100.0%
Marsh Realty &amp; Business Brokers,5,5,100.0%
Royal LePage Maximum Realty,5,3,60.0%
Commercial Focus Realty,5,5,100.0%
Sutton Group Realty Systems,5,4,80.0%
Colliers International Inc,5,5,100.0%
Savills,5,5,100.0%
Sutton Group - Admiral Realty,5,5,100.0%
Royal LePage West Realty Group,5,5,100.0%
2806408 Ontario Inc.,5,0,0.0%
City Realty Inc.,5,0,0.0%
Bright Vision Realty Inc.,5,0,0.0%
Urban Realty Point Inc.,5,0,0.0%
Westview Realty Inc,5,0,0.0%
Nancy Saedi Realty Inc.,5,0,0.0%
Homelife Yorkland Real Estate Ltd,5,0,0.0%
Regal Max Inc.,5,0,0.0%
Topcan Consulting Inc.,5,0,0.0%
Coldwell Banker Commercial,4,4,100.0%
Newmark Canada,4,1,25.0%
Royal LePage Credit Valley Real Estate,4,2,50.0%
Royal LePage Credit Valley,4,2,50.0%
Forest City Realty Ltd,4,4,100.0%
Fairsquare Group Realty,4,4,100.0%
Royal LePage Real Estate Services Ltd,4,4,100.0%
Cresa Toronto Inc,4,1,25.0%
RBC Capital Markets Realty Inc,4,3,75.0%
RE/MAX Ultimate,4,2,50.0%
Your Home Sold Guaranteed Realty Timsold Inc,4,2,50.0%
"Avison Young Commercial Real Estate Services, LP",4,4,100.0%
Faris Team Real Estate,4,3,75.0%
Indusite Realty,4,4,100.0%
Capital Commercial,4,2,50.0%
Century 21 Atria,4,3,75.0%
CPM Realty Corp,4,4,100.0%
RE/MAX a-b Realty,4,4,100.0%
CMA Realty,4,4,100.0%
CMLS Realty,4,3,75.0%
Family Realty Niagara,4,2,50.0%
Rentex Realty Inc,4,2,50.0%
Koble Commercial,4,3,75.0%
Deerbrook Realty,4,3,75.0%
CDN Global (Ottawa) Ltd,4,4,100.0%
Peak Real Estate,4,3,75.0%
RE/MAX Hallmark Realty Group,4,3,75.0%
McGarr Realty Corp,4,4,100.0%
Micor Realty Corp,4,4,100.0%
Spear Realty Inc,4,4,100.0%
Century 21 Explorer Realty,4,3,75.0%
Avison Young Commercial Real Estate Services,4,1,25.0%
Century 21 Green Realty,4,3,75.0%
Armani &amp; Associates,4,3,75.0%
RE/MAX Realtron Realty Inc,4,3,75.0%
Moffat Dunlap Real Estate,4,4,100.0%
B &amp; M Losier Realty,4,2,50.0%
Prime Commercial Real Estate,4,4,100.0%
"CB Richard Ellis: Frank Protomanni &amp; Fraser McKenna, 416-494-0600Colliers International",4,2,50.0%
Milborne Real Estate,4,4,100.0%
Realty Executives of Sudbury Ltd,4,4,100.0%
Keller Williams Signature Realty,4,4,100.0%
Homelife Professional Realty,4,4,100.0%
"Brent Rudell &amp; Andrew Johnson, 519-438-5608 Sutton Group Preferred Realty",4,4,100.0%
Century 21 Leading Edge,4,4,100.0%
Sutton Group-Associates Realty Inc,4,4,100.0%
Atlantis Realty Services,4,4,100.0%
Royal Canadian Realty,4,4,100.0%
Sutton Group Security,4,4,100.0%
Sutton Group - First Choice Realty,4,4,100.0%
Savills Inc,4,4,100.0%
Royal LePage NRC Realty,4,4,100.0%
The Behar Group Realty,4,4,100.0%
RE/MAX Realtron,4,4,100.0%
Nucorp Realty,4,4,100.0%
RE/MAX Champions Realty,4,4,100.0%
RE/MAX Streetcity Realty,4,4,100.0%
RE/MAAX Cirt Accord Realty,4,3,75.0%
DNS Real Estate,4,4,100.0%
DNS Real Estate Ltd,4,3,75.0%
First Choice Realty,4,4,100.0%
Coldwell Banker 2M Realty,4,4,100.0%
Exit Realty Matrix,4,4,100.0%
Keller Williams Energy Real Estate,4,4,100.0%
Keller Williams Lifestyles Realty,4,4,100.0%
RE/MAX Professionals Realty,4,4,100.0%
Royal LePage Lannon Realty,4,3,75.0%
Creppin Realty Group,4,4,100.0%
RE/MAX Eastern Realty,4,4,100.0%
Century 21 Atria Realty,4,2,50.0%
Century 21 Millennium,4,4,100.0%
Royal LePage Burloak Realty,4,2,50.0%
Grosman Realty Ltd,4,2,50.0%
"Keller Williams Experience Realty: Ian Hocking, 705-252-7939Cushman &amp; Wakefield Ltd",4,4,100.0%
Barnicke Myers Ltd,4,2,50.0%
Rego Realty,4,3,75.0%
RE/MAX Diamond Realty,4,4,100.0%
Sutton - Sadie Moranir Realty,4,4,100.0%
DTZ London Windsor Sarnia,4,4,100.0%
Manor Windsor Realty Ltd,4,4,100.0%
Accsell Realty,4,4,100.0%
Marel Real Estate,4,4,100.0%
Magic Realty,4,4,100.0%
Plus Realty Ltd,4,4,100.0%
DTZ London,4,4,100.0%
L.G. Realty Inc,4,4,100.0%
Capital Commercial Real Estate Services Inc,4,4,100.0%
Adam H Morgan Real Estate,4,4,100.0%
Homelife/Leader Inc,4,4,100.0%
Capital City Realty,4,4,100.0%
Gleed Inc,4,4,100.0%
Urban Real Estate,4,4,100.0%
Secure Capital,4,4,100.0%
Sutton Group Innovative Realty,4,4,100.0%
The Effort Trust Company,4,4,100.0%
WinCorp Realty,4,4,100.0%
Homelife/Cimerman Real Estate Limited,4,4,100.0%
Belstar Realty Inc,4,4,100.0%
Fram Building Group,4,4,100.0%
Niagara on-the-Lake Realty,4,4,100.0%
PSR Brokerage,4,4,100.0%
RE/MAX A-B Realty Ltd,4,4,100.0%
Gord Wyllie Real Estate Ltd,4,4,100.0%
RE/MAX Connex Realty,4,2,50.0%
Sutton Group Preferred Realty,4,3,75.0%
Royal Star Realty,4,3,75.0%
Ambitious Realty Advisors,4,4,100.0%
Royal LePage Royal City Realty,4,4,100.0%
Cresa Capital Partners,4,3,75.0%
Skyview Realty,4,4,100.0%
Synercapital Real Estate Investment,4,4,100.0%
Ambitious Realty,4,4,100.0%
RE/MAX Realty Enterprises,4,4,100.0%
Royal LePage Connect Realty,4,4,100.0%
Coldwell Banker Case Realty,4,4,100.0%
Kingsway Real Estate,4,4,100.0%
JLL,4,4,100.0%
Evanoff Real Estate Ltd.,4,0,0.0%
Family Realty Cosmo City Inc.,4,0,0.0%
Bijan Barati Real Estate Corporation,4,0,0.0%
Concert Realty Services Ltd.,4,0,0.0%
Homelink Realty Ltd.,4,0,0.0%
Hometon Inc.,4,0,0.0%
2527377 Ontario Inc.,4,0,0.0%
13337511 Canada Inc.,4,0,0.0%
Homelife Miracle Imperial Realty Ltd.,4,0,0.0%
Sturino Realty Limited,4,0,0.0%
Lc Realty Inc.,4,0,0.0%
Mcarthur & Son Real Estate Ltd,4,0,0.0%
Onestop Team Realty Inc.,4,0,0.0%
Signature Realty Point Inc.,4,0,0.0%
CLV Realty Corp,3,3,100.0%
Rogers &amp; Trainor Commercial Realty Inc,3,1,33.3%
Axis Realty,3,2,66.7%
Realty Executive Experts Inc,3,2,66.7%
Realty Advisors Ltd,3,2,66.7%
Homelife Landmark Realty Inc,3,1,33.3%
Re/Max Commercial Focus,3,3,100.0%
Gilbert Realty Inc,3,2,66.7%
Royal LePage Don Hamilton Real Estate,3,3,100.0%
Hunterra Real Estate Brokerage,3,3,100.0%
Source 4 Realty Inc,3,3,100.0%
RE/MAX Hallmark A Team,3,2,66.7%
Century 21 Regal Realty Inc,3,2,66.7%
City Commercial Realty Group,3,2,66.7%
Elite Capital Realty,3,2,66.7%
New Continent Realty,3,3,100.0%
Sutton Group Admiral Realty Inc,3,3,100.0%
Pantalone Realty,3,2,66.7%
Royal LePage Kingsbury Realty,3,2,66.7%
Avison Young Commercial Real Estate,3,3,100.0%
RE/MAX Reliable Realty,3,2,66.7%
Keller Williams Innovation Realty,3,2,66.7%
Bowes &amp; Cocks Ltd,3,2,66.7%
Mincom Kawartha Lakes Realty,3,2,66.7%
Canadian Commercial Realty,3,3,100.0%
Royal LePage First Contact Realty,3,2,66.7%
Manor Windsor Realty,3,3,100.0%
Petrus Realty,3,2,66.7%
Nordale Realty &amp; Associates,3,2,66.7%
Deerbrook Realty Inc,3,1,33.3%
Century 21 Leading Edge Realty Inc,3,2,66.7%
Kolt Keller Williams Real Estate Associates,3,1,33.3%
CBRE Limited,3,3,100.0%
Landpower Real Estate,3,3,100.0%
CMA Realty Ltd,3,3,100.0%
M Commercial Realty,3,2,66.7%
Real Broker Ontario Ltd,3,1,33.3%
RE/MAX Crown Realty Inc,3,2,66.7%
Sutton Group Heritage Realty Inc,3,2,66.7%
RE/MAX Real Estate Centre Team Arora Realty,3,1,33.3%
RE/MAX Capital Diamond Realty,3,3,100.0%
"Jones Lang LaSalle Real Estate Services, Inc",3,3,100.0%
Bay Street Group Inc,3,2,66.7%
RE/MAX Gold Realty Inc,3,2,66.7%
StreetCity Realty Inc,3,2,66.7%
Rouse Realty Advisors,3,3,100.0%
Homelife New World Central Realty,3,3,100.0%
Royal LePage Realty Centre,3,3,100.0%
RE/MAX Legacy Realty,3,1,33.3%
Heilbut Commercial Realty,3,1,33.3%
RE/MAX Twin City,3,3,100.0%
Chestnut Park West,3,3,100.0%
Homelife Maple Leaf Realty,3,3,100.0%
Sutton Group - Bayview Realty,3,3,100.0%
Sutton Group Heritage,3,3,100.0%
Royal LePage Your Community,3,3,100.0%
Nucorp Reality,3,3,100.0%
The Behar Group Realty Inc,3,2,66.7%
Global Realty Partners,3,3,100.0%
Century 21 Insight Realty,3,3,100.0%
Coldwell Banker Sarazen,3,3,100.0%
Peak Realty,3,3,100.0%
Century 21 Kings Quay,3,3,100.0%
P.G. Gagne Commercial Real Estate,3,3,100.0%
Avsion Young,3,2,66.7%
Sutton West Realty,3,3,100.0%
Sutton Group Admiral Realty,3,3,100.0%
RE/MAX Orillia (1996),3,3,100.0%
District Realty Corp,3,3,100.0%
Go West Realty,3,3,100.0%
Homelife/GTA Realty,3,3,100.0%
Shorn Realty Inc,3,3,100.0%
Par-Med Realty,3,3,100.0%
CLV Group,3,3,100.0%
Petrus Commercial Realty Corp,3,3,100.0%
IPA Marcus &amp; Millichap,3,3,100.0%
RE/MAX Rouge River Realty,3,3,100.0%
Key Exchange Team Real Estate Ltd,3,3,100.0%
Keller Williams Integrity Realty,3,3,100.0%
McCor Realties (Ontario) Inc,3,3,100.0%
Homelife Best-Seller,3,3,100.0%
Main Street Realty,3,3,100.0%
Realosophy Realty Inc,3,3,100.0%
RE/MAX Core Realty,3,3,100.0%
RE/MAX Affiliates Boardwalk,3,3,100.0%
Coldwell Banker Essential Realty,3,3,100.0%
Homelife Classic Realty,3,3,100.0%
Coldwell Banker - Peter Benniger Real Estate,3,3,100.0%
Exit Realty Lake Superior,3,3,100.0%
Property.ca,3,3,100.0%
Keller Williams Experience Realty,3,3,100.0%
Coldwell Banker Neumann Real Estate,3,3,100.0%
RE/MAX Hallmark Corbo &amp; Kelos Group,3,3,100.0%
Thorncrest Realty,3,3,100.0%
Demone Realty Group,3,3,100.0%
RE/MAX Quinte,3,2,66.7%
Royal LePage Porritt Real Estate,3,3,100.0%
Shaker Realty,3,2,66.7%
John L. Zagerman Real Estate Services,3,2,66.7%
Cushman &amp; Wakefield Inc,3,3,100.0%
Coldwell Banker JC Marsden Realty,3,0,0.0%
Royal LePage Trinity Realty,3,2,66.7%
Times Square Realty,3,2,66.7%
Homelife Gold Pacific Realty,3,2,66.7%
Homelife Vision Realty,3,1,33.3%
Exit Realty Hare,3,1,33.3%
The Realty Market Inc,3,3,100.0%
Century 21 Leaders Realty,3,3,100.0%
Coldwell Banker The Real Estate Centre,3,3,100.0%
Sutton Group Security Real Estate,3,3,100.0%
Homelife/Romano Realty,3,3,100.0%
Minmaxx Realty Inc,3,3,100.0%
Sutton - Sadie Moranis Realty,3,3,100.0%
Keller Williams Ottawa Realty,3,3,100.0%
Homelife Top Star Realty,3,3,100.0%
Homelife Power Realty Inc,3,3,100.0%
Weiss Realty,3,3,100.0%
RE/MAX Sudbury Inc,3,3,100.0%
Century 21 Heritage Group Ltd,3,3,100.0%
Sutton Group - Select Realty,3,3,100.0%
RE/MAX Cornwall Realty,3,3,100.0%
Sutton Group-Select Realty,3,3,100.0%
RE/MAX Crossroads Realty,3,3,100.0%
Sutton - Benchmark Realty Inc,3,3,100.0%
Prudential Kleimaker &amp; Bruse Realty,3,3,100.0%
Bay Real Estate,3,3,100.0%
Global Link Realty Group,3,3,100.0%
Century 21 Action Power Team Realty,3,3,100.0%
Marshall Real Estate,3,3,100.0%
Century 21 St Andrew&#039;s Realty,3,3,100.0%
Keller Williams Golden Triangle,3,3,100.0%
Abe Gitalis Real Estate,3,3,100.0%
Links Corporate Realty,3,3,100.0%
Capital Growth Realty Inc,3,3,100.0%
Spencer Group Inc,3,3,100.0%
JK McLachlan Realty,3,3,100.0%
Rock Advisors,3,3,100.0%
Keller Williams Realty Centres,3,3,100.0%
Gentry Commercial,3,3,100.0%
Power Realty,3,3,100.0%
Soltanian Real Estate,3,3,100.0%
Ranex Realty Group,3,3,100.0%
Sutton Team Realty,3,3,100.0%
Century 21 - St Andrew&#039;s Realty,3,3,100.0%
Century 21 Town &amp; Country Realty,3,3,100.0%
Alexandroff Real Estate Ltd,3,3,100.0%
Zoran Real Estate Limited,3,3,100.0%
Sutton Group Future Realty,3,3,100.0%
Keller Williams VIP Realty,3,3,100.0%
Century 21 Landstars,3,3,100.0%
Homelife/New Star Real Estate,3,3,100.0%
Cushman&amp; Wakefield ULC,3,3,100.0%
TD Cornerstone Commercial Realty,3,3,100.0%
Nick Givalas Real Estate,3,3,100.0%
JDL Realty Inc,3,3,100.0%
Lennard,3,3,100.0%
Capital North Realty Corp,3,2,66.7%
Bosley Real Estate Ltd,3,3,100.0%
416-842-8900  CIBC World Markets,3,3,100.0%
Cushman &amp; Wakefield Waterloo Region Ltd,3,2,66.7%
RE/MAX Premier Realty,3,2,66.7%
Sam McDadi Real Estate,3,3,100.0%
Keller Williams Real Estate Associates,3,3,100.0%
Century 21 BJ Roth,3,3,100.0%
"Jones Lang LaSalle: Elliot Medoff &amp; Euan Darling, 416-238-9768 Cushman &amp; Wakefield Ltd",3,3,100.0%
RE/MAX Crown Realty,3,3,100.0%
Whitney Commercial Real Estate,3,3,100.0%
Royal LePage Realty Plus,3,3,100.0%
Cube Realty Advisors Ltd,3,3,100.0%
Coldwell Banker Integrity Real Estate,3,2,66.7%
Keller Williams Realty Solutions,3,1,33.3%
RE/MAX Imperial Realty,3,1,33.3%
Freeman Real Estate Ltd,3,3,100.0%
Keller Williams Advantage,3,3,100.0%
Keller William Ottawa Realty,3,3,100.0%
Forest Hill Real Estate Inc,3,3,100.0%
Homelife/Vision Realty,3,3,100.0%
Realty Executives Elite,3,3,100.0%
Realty Works,3,3,100.0%
X-Sell Realty,3,3,100.0%
Colliers Canada,3,3,100.0%
Boutique Real Estate Corporation,3,0,0.0%
Homelife Success Realty Inc.,3,0,0.0%
2641700 Ontario Inc.,3,0,0.0%
Lah Team Realty Inc.,3,0,0.0%
Cube Realty Advisors Ltd.,3,0,0.0%
Industrial Commercial Realty Inc.,3,0,0.0%
1000171862 Ontario Inc.,3,0,0.0%
1730568 Ontario Inc.,3,0,0.0%
Wind Star Realty Limited,3,0,0.0%
Ross Realty Corporation,3,0,0.0%
Merx Realty Services Inc.,3,0,0.0%
Tri-ace Realty Group Inc.,3,0,0.0%
New Star Real Estate Ltd.,3,0,0.0%
Sachs Realty Inc.,3,0,0.0%
Shearwater Real Estate Limited,3,0,0.0%
S. Liut Realty Limited,3,0,0.0%
Wright Real Estate Ltd,3,0,0.0%
Yorkville Real Estate Corporation,3,0,0.0%
Wendy Zheng Realty Inc.,3,0,0.0%
Prestige World Realty Inc.,3,0,0.0%
Property Trading Realty Services Corp.,3,0,0.0%
Royal LePage Your Community Realty Inc,2,1,50.0%
Xoocca,2,1,50.0%
Paracom Real Estate Corp,2,2,100.0%
RE/MAX West Realty Inc,2,2,100.0%
Mallette-Goring Inc,2,1,50.0%
Web Max Realty,2,1,50.0%
Buckingham Realty (Windsor),2,1,50.0%
Real World Realty,2,1,50.0%
First Choice Realty Ontario Ltd,2,1,50.0%
Seligman Commercial Real Estate,2,1,50.0%
Property Manager,2,2,100.0%
Capital North Realty,2,2,100.0%
Royal LePage Heartland,2,2,100.0%
ROCK Apartment Advisors Inc,2,2,100.0%
Coupal Markou Commercial Realty,2,2,100.0%
CB Commercial,2,2,100.0%
Satco Realty,2,2,100.0%
Spectrum Realty Services,2,2,100.0%
The Country Real Estate,2,1,50.0%
Royal LePage In Touch Realty,2,1,50.0%
Steve Kewin &amp; Associates Inc,2,1,50.0%
AimHome Realty,2,1,50.0%
Keller Williams Energy Realty,2,1,50.0%
Homelife Landmark RH Realty,2,1,50.0%
Royal LePage Heritage Realty,2,1,50.0%
Investpro Realty,2,1,50.0%
Keller Williams Legacies Realty,2,1,50.0%
Midevco Commercial Realty Corp,2,1,50.0%
Tom Jones &amp; Sons Ltd,2,1,50.0%
Realty Executives Local Group,2,2,100.0%
RE/MAX Rise Executives,2,2,100.0%
Marcus &amp; Millichap Real Estate Investment Services,2,1,50.0%
"Harrison Livermore &amp; Chris Daly, 905-712-2100RE/MAX Premier Inc",2,1,50.0%
Jones Lang Lasalle Real Estate Services,2,2,100.0%
Master&#039;s Choice Realty Inc,2,1,50.0%
Incompro Realty,2,2,100.0%
Royal LePage United Realty,2,1,50.0%
Demone Realty Group Inc.,2,1,50.0%
Royal Lepage Terriquity Brokerage,2,1,50.0%
Savills Canada,2,1,50.0%
Triple Net Realty Inc,2,1,50.0%
Homelife Cholkan Realty,2,1,50.0%
Save Max First Choice Real Estate,2,1,50.0%
CB,2,2,100.0%
RE/MAX Noblecorp,2,2,100.0%
CLV Realty Corporation,2,2,100.0%
RE/MAX Lakeshore Realty,2,2,100.0%
Sutton Group Elite Realty,2,2,100.0%
Green Realty,2,2,100.0%
Icon1 Realty Services Inc,2,2,100.0%
Azcom Commercial Real Estate,2,2,100.0%
Cantor Realty Corp,2,2,100.0%
Sutton Group - Associates Realty Inc,2,2,100.0%
Triple Net Realty,2,2,100.0%
Sutton Group Wallace Taylor Realty,2,2,100.0%
McCarroll Real Estate Team,2,2,100.0%
Coldwell Banker Real Estate Centre,2,2,100.0%
HomeLife/Vision Realty Inc,2,1,50.0%
James Power Real Estate Inc,2,2,100.0%
NAI Commercial,2,1,50.0%
The Vancor Group,2,2,100.0%
Wincorp Realty Inc,2,2,100.0%
Royal LePage Baird Real Estate,2,2,100.0%
Pointmark Real Estate Ltd,2,2,100.0%
Coldwell Banker Innovators Realty,2,2,100.0%
Homelife Premium One Realty Group,2,2,100.0%
Homelife 5 Star Realty,2,2,100.0%
Catalyst Real Estate Brokerage,2,2,100.0%
Century 21 President Realty Inc,2,1,50.0%
Prosperity Land Realty,2,2,100.0%
RE/MAX Gold,2,2,100.0%
Rivergate Realty,2,2,100.0%
Cushman and Wakefield Ltd,2,2,100.0%
RE/MAX Hallmark Group,2,2,100.0%
Keller Williams Golden Triangle Realty,2,2,100.0%
Canada Group,2,2,100.0%
Compass Commercial Realty,2,1,50.0%
Cushman &amp; Wakefield Kingston Ltd,2,2,100.0%
Avison Young Multi-Residential Group,2,2,100.0%
Ed Lowe Real Estate Inc,2,1,50.0%
Paul Martin &amp; Company Ltd,2,1,50.0%
Royal LePage Commercial Westhaven,2,2,100.0%
Homelife/Premium One Realty,2,2,100.0%
Revel Realty,2,2,100.0%
Masterson Realty,2,2,100.0%
Sherwood Realty Group Inc,2,2,100.0%
Sutton Group Masters Realty,2,2,100.0%
"Christopher Coupal, John Markou &amp; Brooks Way, 519-742-7000 RE/MAX Twin City Realty",2,2,100.0%
Dan Gemus Real Estate Team Ltd,2,2,100.0%
National Retail Group,2,2,100.0%
OntarioWide Real Estate,2,2,100.0%
Century 21 Heritage House,2,2,100.0%
Brixton Commercial Real Estate,2,2,100.0%
Sutton Group - Signature Realty,2,2,100.0%
Weiss Realty Ltd,2,2,100.0%
Sutton Incentive Realty,2,2,100.0%
STS Commercial Realty,2,2,100.0%
Reio Realty Ltd,2,1,50.0%
Top Guns Realty,2,2,100.0%
Slavens &amp; Associates Real Estate,2,2,100.0%
Wind Star Realty,2,2,100.0%
Chestnut Park West Real Estate,2,2,100.0%
Prospect Realty Inc,2,2,100.0%
Realty Executives Castle Alliance,2,2,100.0%
Steve Kewin &amp; Associates,2,2,100.0%
K.P. Gillen &amp; Co Realty,2,2,100.0%
Homelife Woodbine,2,2,100.0%
Century 21 Legacy Ltd,2,1,50.0%
Featherstone Realty,2,1,50.0%
Exit Realty Seaway,2,1,50.0%
Colonnade Bridgeport,2,2,100.0%
Capital Homes Realty,2,1,50.0%
ones Lang LaSalle,2,2,100.0%
Royal LePage Parkway,2,1,50.0%
Coldwell Banker -  Peter Benninger Realty,2,2,100.0%
Rob Thompson Realty Corp,2,1,50.0%
Johnston &amp; Daniel,2,1,50.0%
Alexandroff Real Estate,2,2,100.0%
Homelife Today Realty,2,1,50.0%
Capital North Commercial,2,1,50.0%
Royal LePage Gale Real Estate,2,2,100.0%
Tony Johal Realty Inc,2,2,100.0%
Estar Real Estate Corp,2,2,100.0%
Homelife Best-Sellers Realty,2,2,100.0%
Adenat Real Estate Ltd,2,2,100.0%
Homelife/Royalcorp Real Estate,2,2,100.0%
RE/MAX Hartland Realty,2,2,100.0%
Roubin Realty Ltd,2,2,100.0%
Locke Real Estate,2,2,100.0%
Homelife/Diamonds Realty,2,2,100.0%
H. Featherstone Realty Inc,2,2,100.0%
United Century Real Estate,2,2,100.0%
Jakupi Realty Inc,2,2,100.0%
Homelie/Cimerman Real Estate,2,2,100.0%
HomeLife GTA Realty Inc,2,2,100.0%
Century 21 Infinity Realty,2,2,100.0%
Oliver &amp; Associates Rea Estate,2,2,100.0%
Century 21 Harvest Realty,2,2,100.0%
RE/MAX Four Seasons Realty,2,2,100.0%
Royal LePage Team Real Estate,2,2,100.0%
Living Real Estate Ltd,2,2,100.0%
Nordale Realty &amp; Associates Inc,2,2,100.0%
Titan York Realty Corporation,2,2,100.0%
EXSELLence Team Realty,2,2,100.0%
Cushman and Wakefield Waterloo Region,2,2,100.0%
Mid-Land Group Realty,2,2,100.0%
Homelife/5 Star Realty,2,2,100.0%
MFS Realty Services,2,2,100.0%
Givalas Real Estate Ltd,2,2,100.0%
Home Leader Realty,2,2,100.0%
RE/MAX Garden City,2,2,100.0%
Keller Williams Solid Rock Realty,2,2,100.0%
Trustwell Realty,2,2,100.0%
Victoria and York Ltd,2,2,100.0%
Toronto Homes and Buildings Realty Inc,2,2,100.0%
Coldwell Banker Commercial Integrity Real Estate,2,2,100.0%
Vanguard Realty Brokerage,2,2,100.0%
KP Gillen &amp; Co Realty,2,2,100.0%
Oliver &amp; Associates Real Estate,2,2,100.0%
Beeman Real Estate,2,2,100.0%
Sachs Realty,2,2,100.0%
New Century Real Estate,2,2,100.0%
Inetagent Inc,2,2,100.0%
Prime Holdings Realty,2,2,100.0%
Homelife/Mapleleaf Realty,2,2,100.0%
Century 21 Winpax Realty,2,2,100.0%
Allcom Realty Services,2,2,100.0%
Queenland East Realty,2,2,100.0%
Icon 1 Realty Services,2,2,100.0%
The Blackburn Property Group,2,2,100.0%
Your Options Real Estate,2,2,100.0%
http,2,2,100.0%
Prop Mgr,2,2,100.0%
Homelife/United Realty Inc,2,2,100.0%
Dynamic Edge Realty Group Inc,2,2,100.0%
Falconview Realty Inc,2,2,100.0%
Homelife/Miracle Realty Ltd,2,2,100.0%
Colliers National Retail Group,2,2,100.0%
Sutton Headwaters Realty Inc,2,2,100.0%
The Staubach Company,2,2,100.0%
Nassour Real Estate Team,2,2,100.0%
Canadian Commercial Realty Inc,2,2,100.0%
Pantalone Realty Corp,2,1,50.0%
Homelife New World Realty,2,1,50.0%
Coldwell Banker Sun Realty,2,1,50.0%
Chestnut Park Real Estate Ltd,2,2,100.0%
World Class Realty Point,2,1,50.0%
Prime Real Estate,2,2,100.0%
Realawstate Realty,2,2,100.0%
Royal LePage Flower City Realty,2,1,50.0%
Land Services Group Realty,2,0,0.0%
AMDirect Real Estate Services,2,1,50.0%
Creiland Consultants Realty,2,2,100.0%
Royal LePage Terrequity,2,1,50.0%
Royal LePage Real Estate Services Inc,2,2,100.0%
Ally Commercial R.E. Inc,2,1,50.0%
RE/MAX Hallmark York Group,2,0,0.0%
Century 21 Smartway,2,1,50.0%
Homelife Best Choice Realty,2,2,100.0%
Metropolitan Commercial Realty Inc,2,2,100.0%
Facilities Commercial Realty,2,1,50.0%
Decathalon Commercial Realty Corp,2,2,100.0%
Sutton Group - Select Realty Inc,2,2,100.0%
RE/MAX Commercial Focus Inc,2,2,100.0%
Brixton Commercial Realty,2,1,50.0%
Keller Williams Signature,2,2,100.0%
StreetCity Realty,2,2,100.0%
Century 21 Innovative Realty,2,2,100.0%
Edge Realty Solutions,2,2,100.0%
Coldwell Banker Realty in Motion,2,2,100.0%
HomeLife Broadway Realty Inc,2,2,100.0%
RE/MAX Aboutowne Realty,2,2,100.0%
Alliance Realty,2,2,100.0%
Core Consultants Realty,2,2,100.0%
Royal LePage West Realty,2,2,100.0%
Bennett Property Shop Realty,2,2,100.0%
Century 21 King&#039;s Quay Realty,2,2,100.0%
Metro Suburban Realty,2,2,100.0%
Century 21 Limestone Realty,2,1,50.0%
Coldwell Banker Peter Minogue Real Estate,2,1,50.0%
Century 21 Heritage Group,2,2,100.0%
Dream Properties,2,1,50.0%
Century 21 Miller Real Estate,2,2,100.0%
Primus Realty Ltd,2,0,0.0%
Worldcrest Realty Inc,2,0,0.0%
Solid Rock Realty,2,1,50.0%
Wineva Realty Inc,2,2,100.0%
DTZ Eastern Ontario Ltd,2,2,100.0%
Hassey Realty Corp,2,2,100.0%
Homelife Regional Realty,2,2,100.0%
Exit Premier Realty,2,2,100.0%
Farquharson Realty,2,2,100.0%
RE/MAX Orillia,2,2,100.0%
James So Realty,2,2,100.0%
Century 21 People&#039;s Choice Realty,2,2,100.0%
RE/MAX Riverview Realty,2,2,100.0%
Homelife Realty One,2,2,100.0%
Megna Real Estate,2,2,100.0%
The Realty Firm,2,2,100.0%
High Point Realty,2,2,100.0%
New World 2000 Realty Inc,2,2,100.0%
Region-Wide Real Estate,2,2,100.0%
Sutton Group Select Realty,2,2,100.0%
Homelife Best-Seller Realty,2,2,100.0%
RE/MAX Chatham-Kent Realty,2,2,100.0%
Rogers &amp; Trainor,2,2,100.0%
Peak Alliance Realty,2,2,100.0%
Berkshire Hathaway,2,2,100.0%
Prospect Realty,2,2,100.0%
Homelife Macro Realty Inc,2,2,100.0%
Brekland Realty Group,2,2,100.0%
RE/MAX Excellence Realty,2,2,100.0%
Commercial Focus Realty Inc,2,2,100.0%
BMO Capital Markets Real Estate Group,2,2,100.0%
Real Estate Marketing Inc,2,2,100.0%
Homelife Superstars Real Estate Ltd,2,2,100.0%
Century 21 Top Producers,2,2,100.0%
Sutton Group Professional,2,2,100.0%
Royal LePage/J&amp;D Division,2,2,100.0%
Royal LePage Niagara Realty,2,2,100.0%
Homeology Real Estate,2,2,100.0%
Chase Realty Inc,2,2,100.0%
"Cushman &amp; Wakefield Nicholas Kendrew &amp; Matt Rakhit, 416-359-2441Avison Young",2,2,100.0%
Coldwell Banker Rhodes &amp; Company,2,2,100.0%
NRS Select Ltd,2,2,100.0%
Cubecom Commercial Realty Inc,2,2,100.0%
RE/MAX Realty Services Inc,2,2,100.0%
Sutton Group Town &amp; Country Realty,2,2,100.0%
1997959 Ontario Inc.,2,0,0.0%
Income Plus Realty Services Inc.,2,0,0.0%
A.e. Meredith Real Estate Ltd.,2,0,0.0%
Crest Realty Inc.,2,0,0.0%
L. Hanna Real Estate Limited,2,0,0.0%
Development Pro Realty Inc.,2,0,0.0%
Green Hedge Realty Inc.,2,0,0.0%
Downing Street Real Estate Corp.,2,0,0.0%
Allan M Spivak,2,0,0.0%
Buyer Broker Realty Inc.,2,0,0.0%
Ceg Real Estate Inc.,2,0,0.0%
9 Yards Realty Brokerage Corp.,2,0,0.0%
Bestliving Signature Realty Inc.,2,0,0.0%
2512068 Ontario Inc.,2,0,0.0%
Katy Torabi Realty Inc.,2,0,0.0%
James Power Real Estate Brokerage Inc.,2,0,0.0%
City Alliance Real Estate Services Ltd.,2,0,0.0%
Homelife First Realty Inc.,2,0,0.0%
Prime Home Realty Inc.,2,0,0.0%
Starts Realty Canada Inc.,2,0,0.0%
Marshall Real Estate Limited,2,0,0.0%
Majestic Properties (canada) Inc.,2,0,0.0%
Max-a-mill Realty Inc.,2,0,0.0%
Pinnacle Real Estate Group Inc.,2,0,0.0%
Realcan Group Inc.,2,0,0.0%
Michelle Xie Realty Inc.,2,0,0.0%
Montano Group Realty Ltd.,2,0,0.0%
Tripod Realty Inc.,2,0,0.0%
Target One Realty Inc.,2,0,0.0%
Trusted One Realty Inc.,2,0,0.0%
DW Gould Realty,1,1,100.0%
BMO Nesbitt Burns Real Estate Inc,1,1,100.0%
RE/MAX Advantage,1,1,100.0%
Avison Young Real Estate Services,1,1,100.0%
Indusite Realty Corporation,1,1,100.0%
Reed Realty Inc,1,1,100.0%
Cushman &amp; Wakefield Commercial Real Estate Services Inc,1,1,100.0%
Mysak Realty,1,1,100.0%
Keller Williams Legacies Realty Inc,1,1,100.0%
Intercity Realty Inc,1,1,100.0%
Pantalone Realty Corporation Ltd,1,1,100.0%
"Matt Picken, Brian Bastable, Nicholas Kendrew &amp; Tony Sandhu, 416-956-5200Avison Young",1,1,100.0%
Sutton Group Heritage Realty,1,1,100.0%
Cubecom Commercial Realty,1,1,100.0%
Koble Commercial Real Estate Inc,1,1,100.0%
Glenda James Real Estate,1,1,100.0%
District Realty Corporation,1,1,100.0%
Primecorp Commercial,1,1,100.0%
Barclay Commercial,1,1,100.0%
Brentcom Realty Corp,1,0,0.0%
Transfer Realty,1,0,0.0%
Brookfield Financial,1,1,100.0%
Birdhouse Realty,1,0,0.0%
Homelife Future Realty,1,0,0.0%
Jump Realty,1,1,100.0%
Royal LePage Hiller Realty,1,0,0.0%
Century 21 In-Studio Realty Inc,1,0,0.0%
RE/MAX Capital Diamond,1,0,0.0%
Realinvest Canada,1,0,0.0%
Northstone Realty Inc,1,0,0.0%
Upperside Real Estate,1,0,0.0%
Royal LePage Supreme,1,0,0.0%
Royal LePage Binder,1,1,100.0%
Homelife Superstars,1,0,0.0%
RE/MAX Hallmark Chay Realty,1,0,0.0%
Links Realty,1,0,0.0%
"Mitchell Chang, Lorenzo DiGianfelice &amp; Jake Ringwald, 416-907-8282   Bosley Real Estate Ltd",1,0,0.0%
Erie&#039;s Edge Real Estate Ltd,1,0,0.0%
"Coupal Markou Commercial Real Estate: Christopher Coupal &amp; John Markou, 519-742-7000Cushman &amp; Wakefield Waterloo Region Ltd",1,0,0.0%
Ellington Partners Corporate Real Estate Advisors,1,0,0.0%
Cooper &amp; Company Real Estate,1,0,0.0%
JCD Commercial Realty,1,0,0.0%
Ellington Corporate Real Estate Advisors,1,1,100.0%
Redwater Capital Realty Inc,1,0,0.0%
BRE Ltd,1,0,0.0%
Alpha Omega Realty,1,0,0.0%
Acres Real Estate,1,1,100.0%
Royal Heritage Realty Ltd,1,0,0.0%
Aimhome Realty Inc,1,0,0.0%
Trinihill Realty Corp,1,1,100.0%
HomeLife Broadway Realty,1,0,0.0%
Matteis Realty,1,0,0.0%
Thomas L Johnson Realty,1,0,0.0%
Lee &amp; Associates Realty,1,1,100.0%
GFA Realty,1,1,100.0%
LC Platinum Realty,1,1,100.0%
Century 21 First Canadian,1,1,100.0%
Cosmopolitan Realty,1,1,100.0%
RE/MAX Excel Realty Ltd,1,1,100.0%
TrilliumWest Real Estate,1,1,100.0%
District Commercial Corp,1,1,100.0%
Realty Executives Platinum,1,1,100.0%
Ren/Tex Realty,1,1,100.0%
Periscope Realty,1,1,100.0%
The Vrancor Group,1,1,100.0%
Martel Commercial Realty,1,1,100.0%
Nu Stream Realty,1,1,100.0%
Century 21 BJ Roth Realty,1,1,100.0%
Beecher &amp; Associates Real Estate,1,1,100.0%
RE/MAX In The Hills,1,1,100.0%
Sutton Ottawa,1,1,100.0%
Eskan Realty,1,1,100.0%
Century 21 King&#039;s Quat Real Estate,1,1,100.0%
Red and White Realty,1,1,100.0%
Royal LePage Grand Valley,1,1,100.0%
Century 21 Dreams,1,0,0.0%
RE/MAX Solutions Barros Group,1,1,100.0%
Trade One Realty Inc,1,1,100.0%
K.P. Gillen &amp; Co. Realty,1,1,100.0%
RE/MAX Escarpment Realty Inc,1,0,0.0%
Century 21 Dreams Inc,1,1,100.0%
Catania Realty Ltd,1,1,100.0%
Coldwell Banker Rhodes Realty,1,0,0.0%
Top Cats Realty Inc,1,0,0.0%
RE/MAX Platinum,1,0,0.0%
TL Willaert Realty,1,0,0.0%
Royal LePage Lakes of Muskoka Realty,1,0,0.0%
Davidson Commercial Corp,1,1,100.0%
Roger &amp; Trainor Commercial Realty,1,1,100.0%
Royal LePage Parkway Realty,1,0,0.0%
Bennett Property Shop,1,1,100.0%
Sutton Group - Quantum Realty,1,1,100.0%
Royal LePage Urban Realty,1,0,0.0%
Your Hometown Realty Ltd,1,0,0.0%
Smart From Home Realty Ltd,1,0,0.0%
Century 21 Today Realty,1,0,0.0%
Exit Realty Liftlock,1,1,100.0%
Royal Heritage Realty,1,0,0.0%
Homelife/Metropark Realty,1,0,0.0%
Coldwell Banker Momentum Realty,1,0,0.0%
RE/MAX Parry Sound Muskoka Realty,1,0,0.0%
Homelife/Heritage Realty,1,0,0.0%
Nu-Vista Premiere Realty,1,0,0.0%
RE/MAX Capital,1,1,100.0%
Coldwell Banker Ekort Realty,1,1,100.0%
Core Realty Group Inc,1,1,100.0%
Posteraro Real Estate Investment,1,1,100.0%
Royal LePage Hurley Real Estate,1,1,100.0%
Homebound Realty Inc,1,1,100.0%
Chriton Company Inc,1,1,100.0%
Aztech Realty Inc,1,1,100.0%
Kartelle Real Estate Inc,1,1,100.0%
Webster Retail Commercial Real Estate Ltd,1,1,100.0%
Living Realty Inc,1,1,100.0%
RE/MAX Sudbury Realty,1,1,100.0%
PMG Realty Corp,1,1,100.0%
Huntington Commercial Realty,1,1,100.0%
Urbanlife Realty,1,1,100.0%
RCB Realty,1,1,100.0%
Applaud Realty Inc,1,1,100.0%
Homelife/Cimerman Realty,1,1,100.0%
Sunshine Realty Corp,1,1,100.0%
Homelife Bayview Realty,1,1,100.0%
Bridgecan Realty,1,1,100.0%
Givalas Real Estate,1,1,100.0%
Hurley Real Estate,1,1,100.0%
Sutton Group Admiral,1,1,100.0%
Sutton Group Central Realty,1,1,100.0%
Kerwin Realties Ltd,1,1,100.0%
MFS Realty,1,1,100.0%
Venture Real Estate Corp,1,1,100.0%
IPro Realty Ltd,1,1,100.0%
Ashlar Crosby Cairo Realty,1,1,100.0%
Westminster Group Realty,1,1,100.0%
Bob Pedler Real Estate Ltd,1,1,100.0%
RE/MAX Grey Bruce Realty,1,1,100.0%
Eskan Realty Inc,1,1,100.0%
Fengate Realty,1,1,100.0%
RE/MAX Finest Realty,1,1,100.0%
Mr Most Realty,1,1,100.0%
Greenfield Real Estate,1,1,100.0%
Ariston Realty,1,1,100.0%
Keller Williams Edge Realty,1,1,100.0%
Realty Advisors First Corporation,1,1,100.0%
Homelife Superstars Realty,1,1,100.0%
Coldwell Banker Sarzen Realty,1,1,100.0%
Bempridge Realty,1,1,100.0%
Century 21 Best Sellers Realty,1,1,100.0%
Grand Realty,1,1,100.0%
Sutton Group-Security Real Estate,1,1,100.0%
Century 21 Lanthorn Real Estate,1,1,100.0%
DTZ Eastern Ontario,1,1,100.0%
"Kelly Avison, Robin White, Brian Wilson, Richard Chilcott, Adrian Lee &amp; Matt Gunning, 416-955-0000RE/MAX Excel Realty",1,1,100.0%
R.W. Dyer Realty,1,1,100.0%
Kingsway Real Estate Brokerage,1,1,100.0%
Coldwell Banker All Points - Festival City,1,1,100.0%
Family Realty Cosmo City,1,1,100.0%
Homelife Principal Realty,1,1,100.0%
Kewin Commercial Realty,1,1,100.0%
Homelife Dreams Realty,1,1,100.0%
RE/MAX First Real Estate,1,1,100.0%
Alkins Real Estate,1,1,100.0%
Magic Realty Inc,1,1,100.0%
Great Canadian Realty,1,1,100.0%
Top Canadian Realty,1,1,100.0%
Metropolitan Realty Corp,1,1,100.0%
RE/MAX County-Town Realty,1,1,100.0%
Cayman Marshall International Realty,1,1,100.0%
Exit Realty Hare (Peel),1,1,100.0%
Coldwell Banker Commercial Peter Benninger,1,1,100.0%
Xoocca Brokerage,1,1,100.0%
Century 21 Leading Edge Experia,1,1,100.0%
Century 21 Leasing Edge,1,1,100.0%
Marg McCarthy Professional Real Estate Services Inc,1,1,100.0%
TFN Realty Inc,1,1,100.0%
Top Choice Realty,1,1,100.0%
Coldwell Banker Advantage Real Estate,1,1,100.0%
Terra Firma Realty,1,1,100.0%
Humber Valley Realty,1,1,100.0%
RE/MAX Real Estate Centre Inc,1,1,100.0%
Wayne Levy Real Estate Corp,1,1,100.0%
Real Estate Homeward,1,1,100.0%
Sutton Group Summit Realty,1,1,100.0%
Century 21 Kingsbury Real Estate Ltd,1,1,100.0%
Cupido Realty,1,1,100.0%
Colliers Pratt McGarry,1,1,100.0%
Esbin Realty Corp,1,1,100.0%
Niagara-on-the-Lake Realty,1,1,100.0%
Buckingham Realty (Windsor) Ltd,1,1,100.0%
Gentry Real Estate Services,1,1,100.0%
Royal LePage / Johnston &amp; Daniels,1,1,100.0%
RE/MAX Jazz,1,1,100.0%
Pay it Forward Realty,1,1,100.0%
Johnston &amp; Green Real Estate,1,1,100.0%
Save Max First Realty,1,1,100.0%
Fellow Real Estate Inc,1,1,100.0%
Arlington Commercial Properties Inc,1,1,100.0%
Century 21 Leading Edge Experia Realty Inc,1,1,100.0%
Stonecastle Realty Group Inc,1,1,100.0%
Revel Realty Inc,1,1,100.0%
D.W. Gould Realty Advisors Inc,1,1,100.0%
Acres Real Estate Inc,1,1,100.0%
Colliers Ltd,1,1,100.0%
Avison Young (Canada) Inc,1,1,100.0%
Paradigm&amp;Commercial&amp;Real Estate,1,1,100.0%
Royal LePage Northern Life Realty,1,1,100.0%
X00CCA Brokerage,1,1,100.0%
Engel &amp; V&ouml;lkers,1,1,100.0%
M Commercial Realty Inc,1,1,100.0%
Sutton - Headwaters Realty Inc,1,1,100.0%
Whitney &amp; Company Ltd,1,1,100.0%
Arcturus Realty,1,1,100.0%
Kirkup Realty Corp,1,1,100.0%
Intercom Real Estate,1,1,100.0%
Sutton Group Incentive,1,1,100.0%
1000081140 Ontario Inc.,1,0,0.0%
H K Sit Realty Limited,1,0,0.0%
Altamira Realty Inc.,1,0,0.0%
Fabio Capobianco Real Estate Limited,1,0,0.0%
Glenview Realty Corp.,1,0,0.0%
Emi Realty Inc.,1,0,0.0%
Distinction Realty Limited,1,0,0.0%
Century 21 Leading Edge (bw) Realty Inc.,1,0,0.0%
2756849 Ontario Inc.,1,0,0.0%
Interchange Realty Inc.,1,0,0.0%
Great Neighbour Realty Inc.,1,0,0.0%
Golden World Realty Point Inc.,1,0,0.0%
D. S. A. Realty Limited,1,0,0.0%
Hopelight Realty Limited,1,0,0.0%
1995009 Ontario Inc.,1,0,0.0%
2526675 Ontario Inc.,1,0,0.0%
Gc Bespoke Realty Inc.,1,0,0.0%
Alkins Real Estate Ltd.,1,0,0.0%
2584233 Ontario Inc.,1,0,0.0%
2775737 Ontario Inc.,1,0,0.0%
Venture Point Realty Ltd.,1,0,0.0%
Doctor Realty Inc.,1,0,0.0%
Nobleman The 1% Realty Inc.,1,0,0.0%
Yorkville Realty Inc.,1,0,0.0%
Homelife New World Condomax Realty Inc.,1,0,0.0%
Family Realty Singar Inc,1,0,0.0%
Parkwood Real Estate Inc. Brokerage,1,0,0.0%
2561434 Ontario Inc.,1,0,0.0%
Bedford Realty Inc.,1,0,0.0%
Homelife Olympia Realty Inc.,1,0,0.0%
Realty Canada Inc.,1,0,0.0%
Dreamspace Realty Inc.,1,0,0.0%
J. K. Hoffmann Real Estate Ltd.,1,0,0.0%
Royal Estates Realty Point Inc.,1,0,0.0%
Albert I Wong,1,0,0.0%
Toronto's Best Home Realty Inc.,1,0,0.0%
Market Star Realty Inc.,1,0,0.0%
J. Mckay Realty Ltd,1,0,0.0%
My Realty Inc,1,0,0.0%
S. Botsis Realty Ltd.,1,0,0.0%
Guild Manor Realty Limited,1,0,0.0%
Andrew Pappas & Son Real Estate Limited,1,0,0.0%
Royal St.andrews Real Estate Services Limited,1,0,0.0%
1989617 Ontario Inc.,1,0,0.0%
Yajian Wang,1,0,0.0%
Golden Life Realty Ltd.,1,0,0.0%
Canadian National Real Estate Inc.,1,0,0.0%
Capital Hill Realty Inc.,1,0,0.0%
Valerie Cai Realty Corp.,1,0,0.0%
Century 21 Brown Limited,1,0,0.0%
Realty Corporation Of Canada I.c.i. Limited,1,0,0.0%
Raymund W Domian,1,0,0.0%
Terracomm Realty Inc.,1,0,0.0%
Pam Realty Ltd.,1,0,0.0%
West-100 Capital Realty Inc.,1,0,0.0%
Your Home Sold Guaranteed Realty - The Aa Realty Group Inc.,1,0,0.0%
Westminster Group Realty Inc.,1,0,0.0%
Nazareth J Menezes Realty Services Inc.,1,0,0.0%
Sophie Jaremko Real Estate Limited,1,0,0.0%
Re/max Hallmark Yu Group Realty Ltd.,1,0,0.0%
Summit Realty Inc.,1,0,0.0%
Visar Realty Inc.,1,0,0.0%
Nuland Realty Inc.,1,0,0.0%
Safeland Realty Inc.,1,0,0.0%
Peter Chung Real Estate Ltd.,1,0,0.0%
Madison Partners Realty Inc.,1,0,0.0%
Wow Factor Realty Inc.,1,0,0.0%
