1,Royal Bank of Canada,,,2023-10-13 11:00:06,2023-10-30 12:43:01
2,Computershare Trust Company of Canada,computershare.com,,2023-12-02 13:34:37,2023-10-30 12:43:01
3,Dorham Holdings Inc,,,2023-10-13 11:00:06,2023-10-30 12:43:01
4,Peakhill Capital Inc,,,2023-10-13 11:00:06,2023-10-30 12:43:01
5,Canadian Imperial Bank of Commerce,cibc.com,,2023-12-02 13:34:36,2023-10-30 12:43:01
6,"Wells Fargo Bank NA, Canadian Branch",,,2023-10-13 11:00:07,2023-10-30 12:43:01
7,Named Individual(s),,,2023-10-13 11:00:07,2023-10-30 12:43:01
8,The Bank of Nova Scotia,scotiabank.com,,2023-12-02 13:34:37,2023-10-30 12:43:01
9,Embee Properties Ltd,,,2023-10-13 11:00:07,2023-10-30 12:43:01
10,Wasaga Dunes Resorts Inc,,,2023-10-13 11:00:07,2023-10-30 12:43:01
11,Northwest Stratford (2016) Developments Inc,,,2023-10-13 11:00:07,2023-10-30 12:43:01
12,2036353 Ontario Inc,,,2023-10-13 11:00:07,2023-10-30 12:43:01
13,Waterdown Bay Ltd,,,2023-10-13 11:00:07,2023-10-30 12:43:01
14,Cameron Stephens Mortgage Capital Ltd,,,2023-10-13 11:00:07,2023-10-30 12:43:01
15,1599825 Ontario Ltd,,,2023-10-13 11:00:07,2023-10-30 12:43:01
