1,1,1,50000000,25.0% per annum.,04/29/2022,on demand,2023-10-13 11:00:06,2023-10-30 12:44:12
2,2,2,31500000,"RBC prime plus 2.60%, but not below a floor of 5.35% per annum.",04/29/2022,05/01/2025,2023-10-13 11:00:06,2023-10-30 12:44:12
3,4,3,15000000,2.0% for the first 2 years and 0% per annum thereafter.,04/29/2022,04/29/2026,2023-10-13 11:00:06,2023-10-30 12:44:12
4,6,4,19000000,"RBC prime plus 3.50%, with a minimum of 6.20% per annum.",04/29/2022,05/01/2023,2023-10-13 11:00:06,2023-10-30 12:44:12
5,8,1,8000000,Prime plus 5.0% per annum.,04/29/2022,on demand,2023-10-13 11:00:06,2023-10-30 12:44:12
6,9,5,10000000,Prime plus 6.0% per annum.,04/29/2022,on demand,2023-10-13 11:00:06,2023-10-30 12:44:12
7,12,2,10454804,3.943% per annum.,04/29/2022,09/01/2032,2023-10-13 11:00:07,2023-10-30 12:44:12
8,13,1,8062500,Prime plus 5.0% per annum.,04/29/2022,on demand,2023-10-13 11:00:07,2023-10-30 12:44:12
9,14,6,139400000,CDOR rate plus 2.0% per annum. In no event will the CDOR rate be less than 0%.,04/28/2022,04/18/2025,2023-10-13 11:00:07,2023-10-30 12:44:12
10,17,7,11400000,"1.754% per annum. Due in semi-annual payments of $100,000.",04/28/2022,04/29/2026,2023-10-13 11:00:07,2023-10-30 12:44:12
11,19,8,10500000,Prime plus 6.0% per annum.,04/29/2022,on demand,2023-10-13 11:00:07,2023-10-30 12:44:12
12,19,9,4834850,14.0% per annum.,04/29/2022,on demand,2023-10-13 11:00:07,2023-10-30 12:44:12
13,20,10,12136000,8.0% per annum.,04/28/2022,04/28/2024,2023-10-13 11:00:07,2023-10-30 12:44:12
14,21,5,10000000,Prime plus 5.0% per annum.,04/28/2022,on demand,2023-10-13 11:00:07,2023-10-30 12:44:12
15,23,8,12500000,BNS prime plus 1.0% per annum.,04/26/2022,on demand,2023-10-13 11:00:07,2023-10-30 12:44:12
16,23,11,2000000,0% per annum.,04/26/2022,on demand,2023-10-13 11:00:07,2023-10-30 12:44:12
17,25,12,10540002,"0% until 10/21/2022, then 5.0% per annum.",04/22/2022,04/22/2025,2023-10-13 11:00:07,2023-10-30 12:44:12
18,25,13,8668305,"0% until 10/21/2022, then 5.0% per annum.",04/22/2022,04/22/2025,2023-10-13 11:00:07,2023-10-30 12:44:12
19,26,14,24000000,Greater of 5.10% and RBC prime plus 2.65% per annum.,04/21/2022,on demand,2023-10-13 11:00:07,2023-10-30 12:44:12
20,26,15,5000000,12.0% per annum.,04/21/2022,05/01/2023,2023-10-13 11:00:07,2023-10-30 12:44:12
21,27,1,11000000,18.0% per annum.,04/21/2022,05/01/2023,2023-10-13 11:00:07,2023-10-30 12:44:12
22,28,8,18000000,Prime plus 6.0% per annum.,04/20/2022,on demand,2023-10-13 11:00:07,2023-10-30 12:44:12
23,28,16,5000000,10.0% per annum.,04/20/2022,on demand,2023-10-13 11:00:07,2023-10-30 12:44:12
24,29,17,10200000,"0% for the first 2 years, and 5.0% per annum for the remaining 3 years.",04/20/2022,04/20/2027,2023-10-13 11:00:07,2023-10-30 12:44:12
25,30,8,200000000,Prime plus 6.0% per annum.,04/19/2022,on demand,2023-10-13 11:00:07,2023-10-30 12:44:12
26,30,18,33000000,0% per annum.,04/19/2022,12/01/2025,2023-10-13 11:00:07,2023-10-30 12:44:12
27,32,1,11000000,Prime plus 5.0% per annum.,04/18/2023,on demand,2023-10-13 11:00:07,2023-10-30 12:44:12
28,33,1,50000000,Prime plus 5.0% per annum.,04/11/2023,on demand,2023-10-13 11:00:07,2023-10-30 12:44:12
29,34,8,70000000,Prime plus 1.0% per annum.,04/05/2023,on demand,2023-10-13 11:00:07,2023-10-30 12:44:12
30,35,7,13800000,"0% per annum. Due in annual payments of $400,000.",04/03/2023,04/03/2028,2023-10-13 11:00:07,2023-10-30 12:44:12
31,37,1,16500000,Prime plus 10.0% per annum.,08/31/2022,09/01/2024,2023-10-13 11:00:07,2023-10-30 12:44:12
32,38,19,13005000,Floating base rate plus 10.0% per annum.,08/30/2022,on demand,2023-10-13 11:00:07,2023-10-30 12:44:12
33,39,20,5500000,4.8% per annum.,08/30/2022,08/30/2027,2023-10-13 11:00:07,2023-10-30 12:44:12
34,41,5,25000000,21.0% per annum.,08/29/2022,on demand,2023-10-13 11:00:07,2023-10-30 12:44:12
35,43,21,4000000,5.50% per annum.,08/26/2022,02/28/2023,2023-10-13 11:00:07,2023-10-30 12:44:12
36,44,2,33675000,"TD prime plus 1.95% per annum for the first 35 months. Thereafter, TD prime plus 3.95% per annum, subject to a floor, the greater of 5.65% and TD prime at the time of the initial advance plus 1.95% per annum.",08/18/2022,09/01/2025,2023-10-13 11:00:07,2023-10-30 12:44:12
37,45,22,18000000,4.777% per annum.,08/17/2022,08/17/2027,2023-10-13 11:00:07,2023-10-30 12:44:12
38,48,23,25326000,TD prime plus 2.95% subject to a minimum of 6.15% per annum.,08/16/2022,09/01/2024,2023-10-13 11:00:07,2023-10-30 12:44:12
39,49,23,33150000,"TD prime plus 3.45%, subject to a minimum of 6.15% per annum. Chargor may extend for a further 12 months, an extension fee of 0.25% of the principal amount will apply.",08/16/2022,06/01/2024,2023-10-13 11:00:07,2023-10-30 12:44:12
40,50,8,16500000,Prime plus 6.0% per annum.,08/16/2022,on demand,2023-10-13 11:00:07,2023-10-30 12:44:12
41,51,24,12000000,25.0% per annum.,08/15/2022,on demand,2023-10-13 11:00:07,2023-10-30 12:44:12
42,52,25,6600000,"3.0% per annum. Due in semi-annual payments of $99,000.",08/15/2022,08/15/2025,2023-10-13 11:00:07,2023-10-30 12:44:12
43,55,26,30000000,"5.0% per annum from Closing Date until the late date of the 12th month following the Closing Date, and 15.0% per annum thereafter.",08/31/2023,10/31/2024,2023-10-13 11:00:07,2023-10-30 12:44:12
44,55,27,7000000,12.0% per annum.,08/31/2023,08/31/2024,2023-10-13 11:00:07,2023-10-30 12:44:12
45,56,1,16800000,18.0% per annum.,08/31/2023,09/01/2028,2023-10-13 11:00:07,2023-10-30 12:44:12
46,57,19,16350000,Floating base rate plus 10.0% per annum.,08/31/2023,on demand,2023-10-13 11:00:07,2023-10-30 12:44:12
47,58,28,11450000,18.0% per annum.,08/31/2023,on demand,2023-10-13 11:00:07,2023-10-30 12:44:12
48,60,29,16000000,24.0% per annum.,08/30/2023,on demand,2023-10-13 11:00:08,2023-10-30 12:44:12
49,61,30,1500000,"First 2 years, 3.5% per annum, with monthly payments of $4,374.99. 4.5% per annum for the final 2 years, with monthly payments of $5,625. RBC prime plus 5.0% per annum if in default.",08/30/2023,08/31/2027,2023-10-13 11:00:08,2023-10-30 12:44:12
50,61,1,7360240,18.0% per annum.,10/16/2020,11/01/2023,2023-10-13 11:00:08,2023-10-30 12:44:12
51,62,1,75000000,Prime plus 5.0% per annum.,08/29/2023,on demand,2023-10-13 11:00:08,2023-10-30 12:44:12
52,63,19,19500000,Floating base rate plus 10.0% per annum.,08/29/2023,on demand,2023-10-13 11:00:08,2023-10-30 12:44:12
53,64,31,3000000,9.0% per annum.,08/29/2023,11/29/2024,2023-10-13 11:00:08,2023-10-30 12:44:12
54,64,32,2000000,,08/29/2023,02/28/2024,2023-10-13 11:00:08,2023-10-30 12:44:12
55,65,8,8750000,25.0% per annum.,08/25/2023,on demand,2023-10-13 11:00:08,2023-10-30 12:44:12
56,65,33,5000000,RBC prime plus 7.0% per annum.,08/25/2023,09/25/2026,2023-10-13 11:00:08,2023-10-30 12:44:12
57,66,34,8500000,4.0% per annum. Chargor has option to extend for 1 further year at 6.0% per annum.,08/24/2023,08/24/2025,2023-10-13 11:00:08,2023-10-30 12:44:12
58,67,35,13041557,0% per annum for the first year. 2.0% per annum for the second year. 3.0% per annum for the third year.,08/24/2023,08/23/2026,2023-10-13 11:00:08,2023-10-30 12:44:12
59,68,36,15000000,25.0% per annum.,08/22/2023,on demand,2023-10-13 11:00:08,2023-10-30 12:44:12
60,69,37,48923984,"0% until 8/8/2024, then 6.0% per annum.",08/08/2023,08/08/2025,2023-10-13 11:00:08,2023-10-30 12:44:12
61,70,7,13950000,0% per annum.,08/03/2023,08/03/2027,2023-10-13 11:00:08,2023-10-30 12:44:12
62,73,22,200000000,Prime plus 5.0% per annum.,08/01/2023,on demand,2023-10-13 11:00:08,2023-10-30 12:44:12
63,76,8,50000000,Prime plus 6.0% per annum.,08/01/2023,on demand,2023-10-13 11:00:08,2023-10-30 12:44:12
64,78,14,15600000,Greater of 7.95% and RBC prime plus 2.0% per annum.,12/29/2022,on demand,2023-10-13 11:00:08,2023-10-30 12:44:12
65,78,38,4500000,5.0% per annum.,12/29/2022,12/28/2025,2023-10-13 11:00:08,2023-10-30 12:44:12
66,80,39,600000000,,12/22/2022,on demand,2023-10-13 11:00:08,2023-10-30 12:44:12
67,80,40,200000000,,12/22/2022,on demand,2023-10-13 11:00:08,2023-10-30 12:44:12
68,81,1,9000000,18.0% per annum.,12/11/2022,01/01/2028,2023-10-13 11:00:08,2023-10-30 12:44:12
69,82,41,9500000,12.0% per annum.,12/21/2022,02/28/2023,2023-10-13 11:00:08,2023-10-30 12:44:12
70,85,22,15876480,Prime plus 5.0% per annum.,12/20/2022,on demand,2023-10-13 11:00:08,2023-10-30 12:44:12
71,86,42,8580000,5.0% per annum.,12/19/2022,on demand,2023-10-13 11:00:08,2023-10-30 12:44:12
72,87,5,10650000,Prime plus 6.0% per annum.,12/16/2022,on demand,2023-10-13 11:00:08,2023-10-30 12:44:12
73,87,43,7500000,,12/16/2022,12/16/2027,2023-10-13 11:00:08,2023-10-30 12:44:12
74,88,44,16700000,"6.0% per annum. $15,700,000 plus interest due on 1/31/2023. $1,000,000 plus interest due 12/31/2025.",12/16/2022,on demand,2023-10-13 11:00:08,2023-10-30 12:44:12
75,89,7,9100000,"3.0% per annum. Due in annual payments of $273,000.",12/16/2022,12/16/2025,2023-10-13 11:00:08,2023-10-30 12:44:12
76,90,45,6000000,"3.5% per annum. Due in quarterly payments of $52,500.",12/16/2022,12/16/2027,2023-10-13 11:00:08,2023-10-30 12:44:12
77,91,19,9500000,Floating base rate plus 10.0% per annum.,12/16/2022,on demand,2023-10-13 11:00:08,2023-10-30 12:44:12
78,92,46,20000000,7.0% per annum,12/16/2022,on demand,2023-10-13 11:00:08,2023-10-30 12:44:12
79,92,47,10000000,,12/16/2022,on demand,2023-10-13 11:00:08,2023-10-30 12:44:12
80,93,29,45000000,24.0% per annum.,12/15/2022,on demand,2023-10-13 11:00:08,2023-10-30 12:44:12
81,94,2,9653583,4.30% per annum.,12/15/2022,06/01/2028,2023-10-13 11:00:08,2023-10-30 12:44:12
82,94,48,1000000,3.0% per annum.,12/15/2022,12/14/2027,2023-10-13 11:00:08,2023-10-30 12:44:12
83,95,49,70000000,Prime plus 5.0% per annum.,12/15/2022,on demand,2023-10-13 11:00:08,2023-10-30 12:44:12
84,96,47,10390000,Prime plus 5.0% per annum.,12/15/2022,on demand,2023-10-13 11:00:08,2023-10-30 12:44:12
85,97,50,6000000,Prime plus 10.0% per annum.,12/15/2022,on demand,2023-10-13 11:00:08,2023-10-30 12:44:12
86,98,4,10546875,RBC prime plus 2.20% with a minimum of 8.15% per annum.,12/14/2022,01/01/2025,2023-10-13 11:00:08,2023-10-30 12:44:12
87,100,51,55000000,8.0% per annum.,12/13/2022,12/12/2025,2023-10-13 11:00:08,2023-10-30 12:44:12
88,101,52,144250000,6.7870% per annum.,12/13/2022,12/01/2027,2023-10-13 11:00:08,2023-10-30 12:44:12
89,102,28,8250000,18.0% per annum.,12/13/2022,on demand,2023-10-13 11:00:08,2023-10-30 12:44:12
90,102,53,4750000,4.50% per annum.,12/13/2022,12/13/2027,2023-10-13 11:00:08,2023-10-30 12:44:12
91,103,54,78000000,5.266% per annum.,12/12/2022,01/01/2028,2023-10-13 11:00:08,2023-10-30 12:44:12
92,105,7,30900000,"0% for the first 5 months, thereafter 3.75% per annum.",12/09/2022,12/09/2027,2023-10-13 11:00:08,2023-10-30 12:44:12
93,106,29,17800000,24.0% per annum.,12/09/2022,on demand,2023-10-13 11:00:08,2023-10-30 12:44:12
94,106,55,4000000,As set out in the Commitment.,12/09/2022,on demand,2023-10-13 11:00:08,2023-10-30 12:44:12
95,106,56,2500000,12.0% per annum.,12/09/2022,12/09/2024,2023-10-13 11:00:08,2023-10-30 12:44:12
96,108,7,8250000,3.0% per annum.,12/09/2022,12/09/2025,2023-10-13 11:00:08,2023-10-30 12:44:12
97,109,57,8250000,6.1% per annum.,12/08/2022,on demand,2023-10-13 11:00:09,2023-10-30 12:44:12
98,110,22,6750000,5.33% per annum.,12/08/2022,12/08/2029,2023-10-13 11:00:09,2023-10-30 12:44:12
99,111,19,11400000,Floating base rate plus 10.0% per annum.,12/08/2022,on demand,2023-10-13 11:00:09,2023-10-30 12:44:12
100,116,7,15690000,"0% for the first 2 years, then 1.0% per annum.",12/07/2022,12/07/2025,2023-10-13 11:00:09,2023-10-30 12:44:12
101,117,7,12090000,"0% for the first 2 years, and 1.0% per annum thereafter.",12/07/2022,12/07/2025,2023-10-13 11:00:09,2023-10-30 12:44:12
102,119,58,87000000,"First $4,000,000. 10% per annum. $2,000,000 calculated from 12/5/2022 and due on 1/31/2023 in a lump sum of $2,031,232.38. $2,000,000 calculated from 12/5/2022 due on 3/31/2023 in a lump sum of $2,063,561.64.\nRemaining $4,700,000. 3.0% per annum. Due 12/5/2025.",12/02/2022,12/05/2025,2023-10-13 11:00:09,2023-10-30 12:44:12
103,120,59,15000000,"First year, 1.0% per annum.\nSecond year, 2.0% per annum.\nThird year, 3.5% per annum.",02/28/2022,02/28/2025,2023-10-13 11:00:09,2023-10-30 12:44:12
104,121,7,10000000,4.0% per annum.,02/28/2022,03/01/2027,2023-10-13 11:00:09,2023-10-30 12:44:12
105,123,7,4500000,3.5% per annum.,02/28/2022,02/28/2024,2023-10-13 11:00:09,2023-10-30 12:44:12
106,125,5,20000000,Prime plus 5.0% per annum.,02/25/2022,on demand,2023-10-13 11:00:09,2023-10-30 12:44:12
107,126,23,37500000,"TD prime plus 5.25%, with a minimum or 7.70% per annum.",02/25/2022,03/01/2024,2023-10-13 11:00:09,2023-10-30 12:44:12
108,127,5,13500000,Prime plus 6.0% per annum.,02/25/2022,on demand,2023-10-13 11:00:09,2023-10-30 12:44:12
109,127,60,9562257,6.0% per annum.,02/25/2022,02/24/2024,2023-10-13 11:00:09,2023-10-30 12:44:12
110,128,61,6000000,3.0% per annum.,02/25/2022,02/28/2028,2023-10-13 11:00:09,2023-10-30 12:44:12
111,129,8,150000000,25.0% per annum.,02/24/2022,on demand,2023-10-13 11:00:09,2023-10-30 12:44:12
112,130,62,16000000,"3.0% per annum. Due in quarterly payments of $120,000. Increasing to CIBC plus 6.0% per annum in the event that Chargor fails to make payment.",02/24/2022,02/10/2025,2023-10-13 11:00:09,2023-10-30 12:44:12
113,131,63,13875000,3.5% per annum.,02/24/2022,02/24/2025,2023-10-13 11:00:09,2023-10-30 12:44:12
114,132,4,11250000,"RBC prime plus 1.90%, but not below 4.35% per annum. Chargee may extend for 1 month at RBC prime plus 10.0% per annum.",02/24/2022,on demand,2023-10-13 11:00:09,2023-10-30 12:44:12
115,134,22,12500000,3.33% per annum.,02/23/2022,02/23/2027,2023-10-13 11:00:09,2023-10-30 12:44:12
116,135,64,8000000,,02/22/2022,on demand,2023-10-13 11:00:09,2023-10-30 12:44:12
117,136,65,18000000,6.0% per annum.,02/22/2022,05/18/2022,2023-10-13 11:00:09,2023-10-30 12:44:12
118,137,22,11680000,Prime plus 5.0% per annum.,02/22/2022,on demand,2023-10-13 11:00:09,2023-10-30 12:44:12
119,139,8,8000000,Prime plus 6.0% per annum.,02/18/2022,on demand,2023-10-13 11:00:09,2023-10-30 12:44:12
120,140,5,30000000,Prime plus 5.0% per annum.,02/18/2022,on demand,2023-10-13 11:00:09,2023-10-30 12:44:12
121,141,66,48300000,3.0% per annumm,02/17/2022,02/17/2032,2023-10-13 11:00:09,2023-10-30 12:44:12
122,141,67,3870459,,02/17/2022,on demand,2023-10-13 11:00:09,2023-10-30 12:44:12
123,142,8,30000000,25.0% per annum.,02/17/2022,on demand,2023-10-13 11:00:09,2023-10-30 12:44:12
124,144,68,17400000,"4.0% per annum. Due in half yearly payments of $348,000.",02/16/2022,02/16/2026,2023-10-13 11:00:09,2023-10-30 12:44:12
125,145,23,12375000,"TD prime plus 3.40%, subject to a minimum of 5.85% per annum.",02/16/2022,on demand,2023-10-13 11:00:09,2023-10-30 12:44:12
126,146,67,33464341,,02/16/2022,on demand,2023-10-13 11:00:09,2023-10-30 12:44:12
127,147,69,8175000,Prime plus 5.0% per annum.,02/16/2022,on demand,2023-10-13 11:00:09,2023-10-30 12:44:12
128,148,70,27600000,10.0% per annum.,02/15/2022,03/01/2024,2023-10-13 11:00:09,2023-10-30 12:44:12
129,149,14,49200000,Greater of 5.25% and RBC prime plus 2.80% per annum.,02/15/2022,on demand,2023-10-13 11:00:09,2023-10-30 12:44:12
130,151,14,14400000,Greater of 6.95% and RBC prime plus 4.50% per annum.,02/15/2022,on demand,2023-10-13 11:00:09,2023-10-30 12:44:12
131,152,8,7200000,Prime plus 6.0% per annum.,02/15/2022,on demand,2023-10-13 11:00:09,2023-10-30 12:44:12
132,153,71,9300000,"2.0% per annum. Due in bi-annual payments of $93,000.",02/14/2022,02/14/2023,2023-10-13 11:00:09,2023-10-30 12:44:12
133,153,14,7200000,Greater of 8.50% and RBC prime plus 6.05% per annum.,02/14/2022,on demand,2023-10-13 11:00:09,2023-10-30 12:44:12
134,154,72,5000000,10.0% per annum.,02/14/2022,on demand,2023-10-13 11:00:09,2023-10-30 12:44:12
135,157,73,5500000,,02/14/2022,05/02/2022,2023-10-13 11:00:09,2023-10-30 12:44:12
136,159,74,10500000,5.50% per annum.,02/10/2022,02/09/2025,2023-10-13 11:00:10,2023-10-30 12:44:12
137,160,75,6000000,12.0% per annum.,02/08/2022,02/08/2023,2023-10-13 11:00:10,2023-10-30 12:44:12
138,160,76,5000000,"3.5% per annum. Due in quarterly payments of $43,750.",02/08/2022,02/08/2024,2023-10-13 11:00:10,2023-10-30 12:44:12
139,161,22,5000000,Prime plus 5.0% per annum.,02/08/2022,on demand,2023-10-13 11:00:10,2023-10-30 12:44:12
140,162,47,40000000,Prime plus 5.0% per annum.,02/04/2022,on demand,2023-10-13 11:00:10,2023-10-30 12:44:12
141,163,77,13000000,National Bank of Canada prime plus 6.0% per annum.,02/04/2022,08/04/2023,2023-10-13 11:00:10,2023-10-30 12:44:12
142,164,7,18784000,5.0% per annum.,02/03/2022,02/03/2026,2023-10-13 11:00:10,2023-10-30 12:44:12
143,166,78,5500000,4.0% per annum.,02/03/2022,02/03/2025,2023-10-13 11:00:10,2023-10-30 12:44:12
144,167,79,7500000,3.0% per annum.,02/04/2022,on demand,2023-10-13 11:00:10,2023-10-30 12:44:12
145,167,80,6000000,4.0% per annum.,02/02/2022,01/27/2026,2023-10-13 11:00:10,2023-10-30 12:44:12
146,168,81,19200000,"Prime plus 2.45%, but not less than 4.90% per annum.",02/02/2022,02/05/2024,2023-10-13 11:00:10,2023-10-30 12:44:12
147,169,36,13000000,25.0% per annum.,02/02/2022,on demand,2023-10-13 11:00:10,2023-10-30 12:44:12
148,170,81,19200000,"Prime plus 2.45%, but not less than 4.90% per annum.",02/02/2022,02/05/2024,2023-10-13 11:00:10,2023-10-30 12:44:12
149,170,82,2000000,3.0% per annum.,02/02/2022,01/31/2024,2023-10-13 11:00:10,2023-10-30 12:44:12
150,171,83,105000000,0% for the first 12 months. 3.0% per annum for years 2-4. 5.0% per annum for the 5th year. 12.0% per annum for the final 3 months.,02/01/2022,05/01/2027,2023-10-13 11:00:10,2023-10-30 12:44:12
151,172,8,200000000,25.0% per annum.,02/01/2022,on demand,2023-10-13 11:00:10,2023-10-30 12:44:12
152,173,5,500000000,25.0% per annum.,02/01/2022,on demand,2023-10-13 11:00:10,2023-10-30 12:44:12
153,173,84,65181600,TD Canada Trust prime plus 10.0% per annum.,02/01/2022,on demand,2023-10-13 11:00:10,2023-10-30 12:44:12
154,173,85,50696800,TD Canada Trust prime plus 10.0% per annum.,02/01/2022,on demand,2023-10-13 11:00:10,2023-10-30 12:44:12
155,173,86,28969600,TD Canada Trust prime plus 10.0% per annum.,02/01/2022,on demand,2023-10-13 11:00:10,2023-10-30 12:44:12
156,174,5,500000000,25.0% per annum.,02/01/2022,on demand,2023-10-13 11:00:10,2023-10-30 12:44:12
157,174,84,45282600,TD Canada Trust prime plus 10.0% per annum.,02/01/2022,on demand,2023-10-13 11:00:10,2023-10-30 12:44:12
158,174,85,35219800,TD Canada Trust prime plus 10.0% per annum.,02/01/2022,on demand,2023-10-13 11:00:10,2023-10-30 12:44:12
159,174,87,20125600,TD Canada Trust prime plus 10.0% per annum.,02/01/2022,on demand,2023-10-13 11:00:10,2023-10-30 12:44:12
160,175,5,500000000,25.0% per annum.,02/01/2022,on demand,2023-10-13 11:00:10,2023-10-30 12:44:12
161,175,84,42787800,TD Canada Trust prime plus 10.0% per annum.,02/01/2022,on demand,2023-10-13 11:00:10,2023-10-30 12:44:12
162,175,85,33279400,TD Canada Trust prime plus 10.0% per annum.,02/01/2022,on demand,2023-10-13 11:00:10,2023-10-30 12:44:12
163,175,87,19016800,TD Canada Trust prime plus 10.0% per annum.,02/01/2022,on demand,2023-10-13 11:00:10,2023-10-30 12:44:12
164,176,88,30175000,5.0% per annum.,02/01/2022,02/05/2024,2023-10-13 11:00:10,2023-10-30 12:44:12
165,181,89,3000000,4.125% per annum.,02/27/2023,02/27/2028,2023-10-13 11:00:10,2023-10-30 12:44:12
166,182,90,18823490,0% per annum.,02/24/2023,07/24/2025,2023-10-13 11:00:10,2023-10-30 12:44:12
167,183,91,80000000,"0% per annum until 11/29/2023 when a payment of $10,000,000 is due. 2.0% per annum until 11/29/2024, when a second payment of $10,000,000. 3.0% per annum thereafter.",02/23/2023,11/29/2025,2023-10-13 11:00:10,2023-10-30 12:44:12
168,184,19,8500000,Floating base rate plus 10.0% per annum.,02/23/2023,on demand,2023-10-13 11:00:10,2023-10-30 12:44:12
169,185,22,38500000,4.825% per annum.,02/16/2023,02/16/2028,2023-10-13 11:00:10,2023-10-30 12:44:12
170,186,19,60000000,Floating base rate plus 10.0% per annum.,02/09/2023,on demand,2023-10-13 11:00:10,2023-10-30 12:44:12
171,187,92,6750000,1.0% per annum.,02/09/2023,02/09/2026,2023-10-13 11:00:10,2023-10-30 12:44:12
172,189,93,170000000,25.0% per annum,06/12/2020,on demand,2023-10-13 11:00:10,2023-10-30 12:44:12
173,189,94,40000000,4.0% per annum.,02/05/2015,on demand,2023-10-13 11:00:10,2023-10-30 12:44:12
174,189,95,40000000,4.0% per annum.,02/05/2015,on demand,2023-10-13 11:00:10,2023-10-30 12:44:12
175,191,96,11500000,Prime plus 1.25% with a floor of 5.50% per annum.,02/07/2023,03/01/2026,2023-10-13 11:00:10,2023-10-30 12:44:12
176,191,7,5000000,3.75% per annum.,02/07/2023,01/31/2028,2023-10-13 11:00:10,2023-10-30 12:44:12
177,192,8,8310000,Prime plus 6.0% per annum.,02/07/2023,on demand,2023-10-13 11:00:10,2023-10-30 12:44:12
178,194,5,165000000,25.0% per annum.,02/01/2022,on demand,2023-10-13 11:00:10,2023-10-30 12:44:12
179,198,7,19000000,3.0% per annum.,01/31/2022,01/31/2027,2023-10-13 11:00:10,2023-10-30 12:44:12
180,199,8,21525000,Prime plus 6.0% per annum.,01/31/2022,on demand,2023-10-13 11:00:10,2023-10-30 12:44:12
181,201,2,9244530,3.20% per annum.,01/31/2022,09/01/2032,2023-10-13 11:00:10,2023-10-30 12:44:12
182,202,5,100000000,Prime plus 5.0% per annum.,01/28/2022,on demand,2023-10-13 11:00:10,2023-10-30 12:44:12
183,203,7,3550918,0% per annum. Increasing to 10.0% per annum if unpaid upon balance due date. An administration fee of 0.5% of the principal balance will also be due.,01/28/2022,04/27/2022,2023-10-13 11:00:10,2023-10-30 12:44:12
184,206,97,30175000,2.47% per annum,01/27/2022,02/01/2024,2023-10-13 11:00:10,2023-10-30 12:44:12
185,206,98,39000000,2.325% per annum.,01/27/2022,02/01/2024,2023-10-13 11:00:10,2023-10-30 12:44:12
186,207,1,2000000000,25.0% per annum.,01/27/2022,on demand,2023-10-13 11:00:11,2023-10-30 12:44:12
187,208,22,23000000,Prime plus 5.0% per annum.,01/27/2022,on demand,2023-10-13 11:00:11,2023-10-30 12:44:12
188,209,81,21000000,Greater of 4.45% or prime plus 2.0% per annum. Chargee may extend for a further 3 months at prime plus 4.0% per annum.,01/27/2022,02/01/2025,2023-10-13 11:00:11,2023-10-30 12:44:12
189,211,99,50000000,,01/27/2022,on demand,2023-10-13 11:00:11,2023-10-30 12:44:12
190,211,100,50000000,,01/27/2022,on demand,2023-10-13 11:00:11,2023-10-30 12:44:12
191,212,19,18000000,Floating base rate plus 10.0% per annum.,01/26/2022,on demand,2023-10-13 11:00:11,2023-10-30 12:44:12
192,216,101,250000000,18.0% per annum.,01/24/2022,on demand,2023-10-13 11:00:11,2023-10-30 12:44:12
193,216,5,100000000,As stipulated in the Credit Agreement.,01/24/2022,on demand,2023-10-13 11:00:11,2023-10-30 12:44:12
194,219,19,10000000,Floating base rate plus 10.0% per annum.,01/21/2022,on demand,2023-10-13 11:00:11,2023-10-30 12:44:12
195,220,102,9025000,6.0% per annum.,01/21/2022,12/29/2022,2023-10-13 11:00:11,2023-10-30 12:44:12
196,221,1,26000000,25.0% per annum.,01/20/2022,on demand,2023-10-13 11:00:11,2023-10-30 12:44:12
197,222,103,23000000,,01/20/2022,on demand,2023-10-13 11:00:11,2023-10-30 12:44:12
198,223,43,91312500,"RBC prime plus 2.45% with a floor of 4.90% per annum until 1/31/2023. Thereafter, 10.90% per annum.",01/20/2022,03/01/2025,2023-10-13 11:00:11,2023-10-30 12:44:12
199,224,19,13390000,Floating base rate plus 10.0% per annum.,01/20/2022,on demand,2023-10-13 11:00:11,2023-10-30 12:44:12
200,226,1,7000000,18.0% per annum.,01/19/2022,02/01/2027,2023-10-13 11:00:11,2023-10-30 12:44:12
201,227,47,8000000,,01/19/2022,on demand,2023-10-13 11:00:11,2023-10-30 12:44:12
202,230,7,7300000,3.0% per annum.,01/18/2022,01/18/2025,2023-10-13 11:00:11,2023-10-30 12:44:12
203,233,104,3200000,3.5% per annum.,01/18/2022,01/17/2025,2023-10-13 11:00:11,2023-10-30 12:44:12
204,234,105,29680000,2.0% per annum.,01/17/2022,01/17/2025,2023-10-13 11:00:11,2023-10-30 12:44:12
205,235,106,55000000,26.0% per annum.,01/17/2022,on demand,2023-10-13 11:00:11,2023-10-30 12:44:12
206,235,107,11250000,0% per annum. Due the earlier of 1/17/2032 or when chargor has vacated the site.,01/17/2022,on demand,2023-10-13 11:00:11,2023-10-30 12:44:12
207,236,8,20000000,Prime plus 6.0% per annum.,01/14/2022,on demand,2023-10-13 11:00:11,2023-10-30 12:44:12
208,236,108,1775000,10.0% per annum.,01/14/2022,01/14/2024,2023-10-13 11:00:11,2023-10-30 12:44:12
209,238,8,50000000,Prime plus 6.0% per annum.,01/13/2022,on demand,2023-10-13 11:00:11,2023-10-30 12:44:12
210,239,109,10000000,3.0% per annum.,01/13/2022,01/13/2027,2023-10-13 11:00:11,2023-10-30 12:44:12
211,240,1,14200000,Prime plus 5.0% per annum.,01/13/2022,on demand,2023-10-13 11:00:11,2023-10-30 12:44:12
212,241,8,70200000,As applicable to the Obligations.,06/01/2021,on demand,2023-10-13 11:00:11,2023-10-30 12:44:12
213,242,19,10400000,Floating base rate plus 10.0% per annum.,01/12/2022,on demand,2023-10-13 11:00:11,2023-10-30 12:44:12
214,244,2,20592000,"RBC prime plus 2.55%, subject to a floor of 5.00% per annum.",01/06/2022,02/01/2025,2023-10-13 11:00:11,2023-10-30 12:44:12
215,246,43,17500000,,01/06/2022,on demand,2023-10-13 11:00:11,2023-10-30 12:44:12
216,247,110,11180000,25.0% per annum.,01/26/2023,on demand,2023-10-13 11:00:11,2023-10-30 12:44:12
217,247,8,10000000,25.0% per annum.,01/26/2023,on demand,2023-10-13 11:00:11,2023-10-30 12:44:12
218,248,111,8400000,"Until 2/9/2025, greater of 11.25% and CIBC prime plus 5.30% per annum. Thereafter, the greater of 14.0% and CIBC prime plus 8.05% per annum.",01/26/2023,03/10/2025,2023-10-13 11:00:11,2023-10-30 12:44:12
219,248,112,2000000,"5.0% per annum. Chargor may extend for 6 further months, interest calculated in arrears at 10.0% per annum.",01/26/2023,02/01/2025,2023-10-13 11:00:11,2023-10-30 12:44:12
220,249,113,6000000,5.0% per annum.,01/26/2023,02/01/2028,2023-10-13 11:00:11,2023-10-30 12:44:12
221,249,114,5723956,Bank of Nova Scotia prime per annum.,01/26/2023,02/01/2028,2023-10-13 11:00:11,2023-10-30 12:44:12
222,250,115,6200000,"3.0% per annum. Due in quarterly payments of $46,500.",01/26/2023,01/26/2025,2023-10-13 11:00:11,2023-10-30 12:44:12
223,251,7,14290000,Prime plus 5.0% per annum.,01/24/2023,on demand,2023-10-13 11:00:11,2023-10-30 12:44:12
224,251,116,830343,10.0% per annum if in default.,01/24/2023,05/01/2023,2023-10-13 11:00:11,2023-10-30 12:44:12
225,252,117,10500000,Greater of RBC prime plus 2.75% and 9.20% per annum.,01/23/2023,02/01/2025,2023-10-13 11:00:11,2023-10-30 12:44:12
226,252,118,1500000,Bank of Canada Overnight rate plus 3.0% per annum.,01/23/2023,01/20/2025,2023-10-13 11:00:11,2023-10-30 12:44:12
227,253,119,8250000,0% per annum.,01/23/2023,01/23/2024,2023-10-13 11:00:11,2023-10-30 12:44:12
228,254,52,115000000,25.0% per annum.,01/20/2023,on demand,2023-10-13 11:00:11,2023-10-30 12:44:12
229,255,120,78000000,,01/13/2023,on demand,2023-10-13 11:00:11,2023-10-30 12:44:12
230,255,24,50000000,25.0% per annum.,01/13/2023,on demand,2023-10-13 11:00:11,2023-10-30 12:44:12
231,255,121,2000000,,01/13/2023,01/13/2026,2023-10-13 11:00:11,2023-10-30 12:44:12
232,256,122,11000000,4.0% per annum.,01/12/2023,01/12/2026,2023-10-13 11:00:12,2023-10-30 12:44:12
233,257,84,13464000,TD Canada Trust prime plus 10.0% per annum.,01/12/2023,on demand,2023-10-13 11:00:12,2023-10-30 12:44:12
234,257,123,10472000,TD Canad Trust prime plus 10.0% per annum.,01/12/2023,on demand,2023-10-13 11:00:12,2023-10-30 12:44:12
235,257,124,5984000,TD Canada Trust prime plus 10.0% per annum.,01/12/2023,on demand,2023-10-13 11:00:12,2023-10-30 12:44:12
236,258,84,13464000,TD Canada Trust prime plus 10.0% per annum.,01/12/2023,on demand,2023-10-13 11:00:12,2023-10-30 12:44:12
237,258,123,10472000,TD Canada Trust prime plus 10.0% per annum.,01/21/2023,on demand,2023-10-13 11:00:12,2023-10-30 12:44:12
238,258,124,5984000,TD Canada Trust prime plus 10.0% per annum.,01/12/2023,on demand,2023-10-13 11:00:12,2023-10-30 12:44:12
239,259,7,8359448,4.0% per annum.,01/11/2023,01/10/2028,2023-10-13 11:00:12,2023-10-30 12:44:12
240,260,125,6960000,4.0% per annum.,01/10/2023,01/01/2026,2023-10-13 11:00:12,2023-10-30 12:44:12
241,261,126,75000000,18.0% per annum.,01/10/2023,on demand,2023-10-13 11:00:12,2023-10-30 12:44:12
242,263,127,5625000,TD prime plus 1.5% per annum.,01/06/2023,01/06/2026,2023-10-13 11:00:12,2023-10-30 12:44:12
243,267,128,23520000,Greater of 6.45% and RBC prime plus 2.75% per annum.,07/29/2022,on demand,2023-10-13 11:00:12,2023-10-30 12:44:12
244,268,129,17000000,12.5% per annum.,07/29/2022,08/01/2027,2023-10-13 11:00:12,2023-10-30 12:44:12
245,268,111,14000000,"Until 2/10/2024, greater of 8.5% and CIBC prime plus 5.30% per annum. Thereafter, the greater of 13.0% and CIBC prime plus 9.80% per annum.",07/29/2022,03/10/2024,2023-10-13 11:00:12,2023-10-30 12:44:12
246,269,130,10000000,5.75% per annum.,07/29/2022,07/29/2024,2023-10-13 11:00:12,2023-10-30 12:44:12
247,270,36,25000000,25.0% per annum.,07/29/2022,on demand,2023-10-13 11:00:12,2023-10-30 12:44:12
248,271,131,6900000,10.0% per annum.,07/28/2022,09/28/2022,2023-10-13 11:00:12,2023-10-30 12:44:12
249,271,132,2000000,3.0% per annum.,07/28/2022,07/28/2024,2023-10-13 11:00:12,2023-10-30 12:44:12
250,272,47,82920388,25.0% per annum.,07/28/2022,on demand,2023-10-13 11:00:12,2023-10-30 12:44:12
251,273,8,15000000,Rate specified in the Commitment Letter.,07/28/2022,on demand,2023-10-13 11:00:12,2023-10-30 12:44:12
252,276,8,50000000,Prime plus 6.0% per annum.,07/27/2022,on demand,2023-10-13 11:00:12,2023-10-30 12:44:12
253,277,47,35000000,Prime plus 5.0% per annum.,07/27/2022,on demand,2023-10-13 11:00:12,2023-10-30 12:44:12
254,278,7,7300000,1.5% per annum.,07/26/2022,07/25/2027,2023-10-13 11:00:12,2023-10-30 12:44:12
255,280,22,15175000,Prime plus 5.0% per annum.,07/25/2022,on demand,2023-10-13 11:00:12,2023-10-30 12:44:12
256,282,133,10000000,25.0% per annum.,07/21/2022,on demand,2023-10-13 11:00:12,2023-10-30 12:44:12
257,284,134,6000000,,07/19/2022,on demand,2023-10-13 11:00:12,2023-10-30 12:44:12
258,287,7,30750000,RBC prime plus 2.0% per annum.,07/15/2022,07/15/2027,2023-10-13 11:00:12,2023-10-30 12:44:12
259,288,29,10000000,24.0% per annum.,07/15/2022,on demand,2023-10-13 11:00:12,2023-10-30 12:44:12
260,288,135,3000000,9.0% per annum.,07/15/2022,07/15/2024,2023-10-13 11:00:12,2023-10-30 12:44:12
261,291,136,25300000,"First amount: $23,000,000, 3.5% per annum.\nSecond amount: $2,300,000, 6.0% per annum.",07/13/2022,07/13/2027,2023-10-13 11:00:12,2023-10-30 12:44:12
262,292,96,10270000,"Prime plus 1.10%, not less than the floor of 3.80% per annum.",07/13/2022,on demand,2023-10-13 11:00:12,2023-10-30 12:44:12
263,294,137,7000000,Prime plus 5.0% per annum.,07/12/2022,on demand,2023-10-13 11:00:12,2023-10-30 12:44:12
264,295,138,8000000,Prime plus 10.0% per annum.,07/12/2022,on demand,2023-10-13 11:00:12,2023-10-30 12:44:12
265,296,43,43750000,"RBC prime plus 4.80% with a floor of 8.50% per annum until 8/1/2024. Thereafter, 14.50% per annum.",07/08/2022,09/01/2024,2023-10-13 11:00:12,2023-10-30 12:44:12
266,297,7,2500000,"0% for the first 24 months. Thereafter, 14.0% per annum.",07/08/2022,08/08/2024,2023-10-13 11:00:12,2023-10-30 12:44:12
267,299,47,42000000,Prime plus 5.0% per annum.,07/05/2022,on demand,2023-10-13 11:00:12,2023-10-30 12:44:12
268,300,139,100000000,,07/04/2022,on demand,2023-10-13 11:00:12,2023-10-30 12:44:12
269,301,140,23820000,"Greater of TD Canada Trust prime plus 5.30% and 9.0% per annum until 1/1/2024. Thereafter, greater of TD Canada Trust prime plus 8.80% and 12.50% per annum.",07/04/2022,04/01/2024,2023-10-13 11:00:12,2023-10-30 12:44:12
270,302,5,12000000,Prime plus 5.0% per annum.,07/04/2022,on demand,2023-10-13 11:00:13,2023-10-30 12:44:12
271,302,141,6720000,"1.0% per annum until 9/30/2023. Thereafter, 2.5% per annum.",07/04/2022,06/30/2027,2023-10-13 11:00:13,2023-10-30 12:44:12
272,303,7,7000000,"0% per annum. Due in annual payments of $700,000.",07/04/2022,06/04/2027,2023-10-13 11:00:13,2023-10-30 12:44:12
273,306,142,9200000,3.20% per annum.,04/01/2021,04/01/2031,2023-10-13 11:00:13,2023-10-30 12:44:12
274,307,143,13800000,"4.0% per annum. Due in semi-annual payments of $276,000.",07/10/2023,07/10/2027,2023-10-13 11:00:13,2023-10-30 12:44:12
275,309,14,23100000,Greater of 4.6% and RBC prime plus 1.90% per annum.,06/30/2022,on demand,2023-10-13 11:00:13,2023-10-30 12:44:12
276,310,24,31185000,25.0% per annum.,06/30/2022,on demand,2023-10-13 11:00:13,2023-10-30 12:44:12
277,311,24,20000000,25.0% per annum.,06/30/2022,on demand,2023-10-13 11:00:13,2023-10-30 12:44:12
278,313,1,20000000,Prime plus 7.0% per annum.,06/30/2022,on demand,2023-10-13 11:00:13,2023-10-30 12:44:12
279,315,8,1800000,18.0% per annum.,06/30/2022,on demand,2023-10-13 11:00:13,2023-10-30 12:44:12
280,317,5,15000000,Prime plus 5.0% per annum.,06/29/2022,on demand,2023-10-13 11:00:13,2023-10-30 12:44:12
281,319,47,8400000,Prime plus 5.0% per annum.,06/29/2022,on demand,2023-10-13 11:00:13,2023-10-30 12:44:12
282,321,8,9000000,Prime plus 6.0% per annum.,06/28/2022,on demand,2023-10-13 11:00:13,2023-10-30 12:44:12
283,321,144,1000000,0% per annum,06/28/2022,on demand,2023-10-13 11:00:13,2023-10-30 12:44:12
284,322,145,9032450,"0% for the first year, then 4.0% per annum.",06/24/2022,06/24/2025,2023-10-13 11:00:13,2023-10-30 12:44:12
285,324,47,150000000,Prime plus 1.25% per annum.,06/22/2022,on demand,2023-10-13 11:00:13,2023-10-30 12:44:12
286,326,146,2800000,0% per annum.,06/16/2022,06/30/2029,2023-10-13 11:00:13,2023-10-30 12:44:12
287,327,43,8750000,"Until 7/1/2023, RBC prime plus 4.75% with a floor of 7.45% per annum. Thereafter, 13.45% per annum.",06/10/2022,08/01/2023,2023-10-13 11:00:13,2023-10-30 12:44:12
288,329,47,35000000,Prime plus 5.0% per annum.,06/09/2022,on demand,2023-10-13 11:00:13,2023-10-30 12:44:12
289,330,147,27000000,3.0% per annum.,06/08/2022,05/17/2025,2023-10-13 11:00:13,2023-10-30 12:44:12
290,330,148,16200000,Greater of 9.75% and RBC prime plus 7.05% per annum.,06/07/2022,on demand,2023-10-13 11:00:13,2023-10-30 12:44:12
291,330,149,27000000,3.0% per annum.,06/07/2022,05/17/2025,2023-10-13 11:00:13,2023-10-30 12:44:12
292,332,150,12000000,"3.0% per annum. Due in semi-annual payments of $180,000.",06/09/2022,06/09/2027,2023-10-13 11:00:13,2023-10-30 12:44:12
8197,10281,2199,165000,5.0% per annum.,03/04/2016,on demand,2023-11-06 12:07:10,2023-11-06 12:07:10
8198,10282,2200,1800000,9.0% per annum.,03/02/2016,on demand,2023-11-06 12:07:10,2023-11-06 12:07:10
8199,10282,2201,500000,10.0% per annum.,03/03/2016,05/31/2016,2023-11-06 12:07:10,2023-11-06 12:07:10
8200,10283,1,930000,18.0% per annum.,03/02/2016,04/01/2018,2023-11-06 12:07:10,2023-11-06 12:07:10
8201,10284,69,13117000,Prime plus 5.0% per annum.,03/01/2016,on demand,2023-11-06 12:07:10,2023-11-06 12:07:10
8202,10285,2019,1100000,4.45% per annum.,03/01/2016,03/01/2019,2023-11-06 12:07:10,2023-11-06 12:07:10
8203,10286,47,1295000,Prime plus 5.0% per annum.,03/01/2016,on demand,2023-11-06 12:07:10,2023-11-06 12:07:10
8204,10287,1866,1420000,Prime plus 10.0% per annum.,03/01/2016,on demand,2023-11-06 12:07:10,2023-11-06 12:07:10
8205,10288,24,1250000,,03/01/2016,on demand,2023-11-06 12:07:10,2023-11-06 12:07:10
8206,10290,5,995000,Prime plus 5.0% per annum.,03/01/2016,on demand,2023-11-06 12:07:10,2023-11-06 12:07:10
8207,10291,1,880000,2.19% per annum.,03/01/2016,03/01/2018,2023-11-06 12:07:10,2023-11-06 12:07:10
8208,10294,2202,2000000,3.0% per annum.,02/29/2016,03/01/2026,2023-11-06 12:07:10,2023-11-06 12:07:10
8209,10295,22,1535000,Prime plus 5.0% per annum.,02/29/2016,on demand,2023-11-06 12:07:10,2023-11-06 12:07:10
8210,10298,2203,100000,10.0% per annum.,02/29/2016,08/31/2016,2023-11-06 12:07:10,2023-11-06 12:07:10
8211,10299,22,675000,Prime plus 6.0% per annum.,02/29/2016,on demand,2023-11-06 12:07:11,2023-11-06 12:07:11
8212,10300,1,813000,Prime plus 7.0% per annum.,02/29/2016,on demand,2023-11-06 12:07:11,2023-11-06 12:07:11
8213,10301,7,700000,4.0% per annum.,02/29/2016,03/01/2021,2023-11-06 12:07:11,2023-11-06 12:07:11
8214,10302,2204,4550000,4.5% per annum.,02/26/2016,02/26/2019,2023-11-06 12:07:11,2023-11-06 12:07:11
8215,10303,200,4179000,"RBC prime plus 2.35%, with a floor rate of 5.05% per annum.",02/26/2016,03/01/2018,2023-11-06 12:07:11,2023-11-06 12:07:11
8216,10305,29,800000,24.0% per annum.,02/25/2016,on demand,2023-11-06 12:07:11,2023-11-06 12:07:11
8217,10306,7,4605000,"0% for the first 2 years. 4.0% for the next 3 years, 5.0% per annum thereafter.",02/23/2016,on demand,2023-11-06 12:07:11,2023-11-06 12:07:11
8218,10308,126,775000,3.5% per annum.,02/26/2016,02/28/2021,2023-11-06 12:07:11,2023-11-06 12:07:11
8219,10309,2205,200000000,TD prime plus 8.0% per annum.,02/18/2016,on demand,2023-11-06 12:07:11,2023-11-06 12:07:11
8220,10309,2206,200000000,TD prime plus 8.0% per annum.,02/18/2016,on demand,2023-11-06 12:07:11,2023-11-06 12:07:11
8221,10309,22,200000000,Prime plus 6.5% per annum.,02/24/2011,02/28/2014,2023-11-06 12:07:11,2023-11-06 12:07:11
8222,10309,2207,15000000,25.0% per annum.,07/22/2010,on demand,2023-11-06 12:07:11,2023-11-06 12:07:11
8223,10309,2208,200000000,TD prime plus 8.0% per annum.,02/18/2016,on demand,2023-11-06 12:07:11,2023-11-06 12:07:11
8224,10310,5,100000000,25.0% per annum.,02/16/2016,on demand,2023-11-06 12:07:11,2023-11-06 12:07:11
8225,10310,1724,12045000,TD Canada Trust prime plus 10.0% per annum.,02/16/2016,on demand,2023-11-06 12:07:11,2023-11-06 12:07:11
8226,10310,1725,4015000,TD Canada Trust prime plus 10.0% per annum.,02/16/2016,on demand,2023-11-06 12:07:11,2023-11-06 12:07:11
8227,10311,70,1700000,4.25% per annum.,02/16/2016,03/01/2021,2023-11-06 12:07:11,2023-11-06 12:07:11
8228,10313,7,1300000,,02/04/2000,02/01/2005,2023-11-06 12:07:11,2023-11-06 12:07:11
8229,10314,7,2372500,3.0% per annum.,02/11/2016,02/11/2021,2023-11-06 12:07:11,2023-11-06 12:07:11
8230,10317,2209,2500000,4.99% per annum.,02/10/2016,05/04/2018,2023-11-06 12:07:11,2023-11-06 12:07:11
8231,10317,200,3917325,5.1% per annum.,01/04/2008,01/01/2013,2023-11-06 12:07:11,2023-11-06 12:07:11
8232,10318,2210,600000,5.0% per annum.,02/09/2016,02/09/2021,2023-11-06 12:07:11,2023-11-06 12:07:11
8233,10319,2211,600000,6.5% per annum.,02/08/2016,01/15/2017,2023-11-06 12:07:12,2023-11-06 12:07:12
8234,10319,126,468403,3.65% per annum.,02/08/2016,02/08/2021,2023-11-06 12:07:12,2023-11-06 12:07:12
8235,10320,404,300000,6.5% per annum.,02/05/2016,03/01/2021,2023-11-06 12:07:12,2023-11-06 12:07:12
8236,10321,624,850000,3.5% per annum.,02/05/2016,03/01/2019,2023-11-06 12:07:12,2023-11-06 12:07:12
8237,10322,19,620000,Floating base rate plus 10.0% per annum.,02/05/2016,on demand,2023-11-06 12:07:12,2023-11-06 12:07:12
8238,10323,2212,2400000,8.0% per annum.,02/04/2016,02/03/2017,2023-11-06 12:07:12,2023-11-06 12:07:12
8239,10324,2,11400000,"0% for the first 6 months.\n5.0% per annum, for months 7-18.\n6.0% per annum, for months 19-30.\n7.00% per annum, for months 31-42.\n25.0% per annum thereafter.",02/03/2016,09/02/2019,2023-11-06 12:07:12,2023-11-06 12:07:12
8240,10325,1,5000000,18.0% per annum.,02/03/2016,03/01/2019,2023-11-06 12:07:12,2023-11-06 12:07:12
8241,10326,2213,650000,5.0% per annum.,02/03/2016,02/03/2021,2023-11-06 12:07:12,2023-11-06 12:07:12
8242,10326,169,3200000,3.95% per annum.,02/18/2015,06/01/2025,2023-11-06 12:07:12,2023-11-06 12:07:12
8243,10327,1,200000,Prime plus 5.0% per annum.,02/02/2016,on demand,2023-11-06 12:07:12,2023-11-06 12:07:12
8244,10328,1,23000000,As specified in the Credit Agreement.,02/01/2016,on demand,2023-11-06 12:07:12,2023-11-06 12:07:12
8245,10329,1,23000000,As specified in the Credit Agreement.,02/01/2016,on demand,2023-11-06 12:07:12,2023-11-06 12:07:12
8246,10331,1,500000,18.0% per annum.,01/29/2016,01/29/2020,2023-11-06 12:07:12,2023-11-06 12:07:12
8247,10332,126,5850000,3.47% per annum.,01/28/2016,01/28/2019,2023-11-06 12:07:12,2023-11-06 12:07:12
8248,10332,2214,1000000,3.0% per annum.,01/28/2016,01/28/2019,2023-11-06 12:07:12,2023-11-06 12:07:12
8249,10333,22,1031000,Prime plus 6.25% per annum.,01/27/2016,on demand,2023-11-06 12:07:12,2023-11-06 12:07:12
8250,10334,2215,1400000,3.16% per annum.,01/27/2016,03/05/2019,2023-11-06 12:07:13,2023-11-06 12:07:13
8251,10335,165,930000,25.0% per annum.,01/27/2016,on demand,2023-11-06 12:07:13,2023-11-06 12:07:13
8252,10336,404,5450000,2.72% per annum.,01/26/2016,02/05/2017,2023-11-06 12:07:13,2023-11-06 12:07:13
8253,10336,2216,1290000,2.0% per annum.,01/26/2016,01/26/2022,2023-11-06 12:07:13,2023-11-06 12:07:13
8254,10337,2217,1750000,5.99% per annum.,01/25/2016,02/01/2017,2023-11-06 12:07:13,2023-11-06 12:07:13
8255,10338,252,1087500,4.99% per annum.,01/22/2016,02/01/2017,2023-11-06 12:07:13,2023-11-06 12:07:13
8256,10339,1787,3124600,25.0% per annum.,01/21/2016,on demand,2023-11-06 12:07:13,2023-11-06 12:07:13
8257,10340,252,1218750,5.5% per annum.,01/18/2016,02/01/2018,2023-11-06 12:07:13,2023-11-06 12:07:13
8258,10341,1,1190000,18.0% per annum.,01/18/2016,02/01/2019,2023-11-06 12:07:13,2023-11-06 12:07:13
8259,10341,2218,200000,8.0% per annum.,01/18/2016,01/15/2017,2023-11-06 12:07:13,2023-11-06 12:07:13
8260,10342,2219,3250000,2.75% per annum.,01/15/2016,06/20/2018,2023-11-06 12:07:13,2023-11-06 12:07:13
8261,10344,380,1000000,2.70% per annum.,01/15/2016,on demand,2023-11-06 12:07:13,2023-11-06 12:07:13
8262,10345,2220,1450000,7.99% per annum.,01/15/2016,01/15/2016,2023-11-06 12:07:13,2023-11-06 12:07:13
8263,10346,2,3375000,25.0% per annum.,01/14/2016,02/01/2018,2023-11-06 12:07:13,2023-11-06 12:07:13
8264,10357,117,4400000,5.75% per annum.,01/07/2016,02/01/2017,2023-11-06 12:07:14,2023-11-06 12:07:14
8265,10358,2221,400000,4.35% per annum.,01/06/2016,01/06/2020,2023-11-06 12:07:14,2023-11-06 12:07:14
8266,10359,22,880000,Prime plus 6.0% per annum.,01/04/2016,on demand,2023-11-06 12:07:14,2023-11-06 12:07:14
8267,10360,22,6500000,Prime plus 6.25% per annum.,09/30/2015,on demand,2023-11-06 12:07:14,2023-11-06 12:07:14
8268,10361,2222,1572000,10.0% per annum.,09/29/2015,on demand,2023-11-06 12:07:14,2023-11-06 12:07:14
8269,10363,2,30000000,5.0% per annum.,09/25/2015,10/01/2018,2023-11-06 12:07:14,2023-11-06 12:07:14
8270,10364,499,2900000,2.99% per annum.,09/23/2015,10/01/2020,2023-11-06 12:07:14,2023-11-06 12:07:14
8271,10365,361,5375589,6.14% per annum.,12/12/2011,01/01/2018,2023-11-06 12:07:14,2023-11-06 12:07:14
8272,10367,200,2189750,1.99% per annum.,09/16/2015,12/01/2020,2023-11-06 12:07:14,2023-11-06 12:07:14
8273,10367,2223,320000,4.0% per annum.,09/16/2015,09/16/2020,2023-11-06 12:07:14,2023-11-06 12:07:14
8274,10368,171,9300000,5.065% per annum.,02/10/2014,03/01/2034,2023-11-06 12:07:14,2023-11-06 12:07:14
8275,10369,70,850000,4.0% per annum.,09/11/2015,12/01/2020,2023-11-06 12:07:15,2023-11-06 12:07:15
8276,10370,96,13000000,Prime plus 1.0% per annum.,10/17/2008,on demand,2023-11-06 12:07:15,2023-11-06 12:07:15
8277,10371,200,4730400,2.0% per annum. Lender may extend for a further 12 months.,09/08/2015,12/01/2020,2023-11-06 12:07:15,2023-11-06 12:07:15
8278,10373,1627,2975000,Prime plus 10.0% per annum.,09/04/2015,on demand,2023-11-06 12:07:15,2023-11-06 12:07:15
8279,10374,499,2100000,2.974% per annum.,09/03/2015,10/01/2020,2023-11-06 12:07:15,2023-11-06 12:07:15
8280,10376,200,2394755,2.73% per annum.,09/02/2015,12/01/2025,2023-11-06 12:07:15,2023-11-06 12:07:15
8281,10377,2224,1585794,TD prime plus 2.15% per annum.,09/02/2015,09/01/2018,2023-11-06 12:07:15,2023-11-06 12:07:15
8282,10378,694,1200000,2.95% per annum. Chargee may renew for 1 month at RBC prime plus 5.0% per annum.,09/02/2015,09/01/2020,2023-11-06 12:07:15,2023-11-06 12:07:15
8283,10380,499,2700000,3.794% per annnum.,09/01/2015,09/15/2025,2023-11-06 12:07:15,2023-11-06 12:07:15
8284,10381,36,2587500,25.0% per annum.,09/01/2015,on demand,2023-11-06 12:07:15,2023-11-06 12:07:15
8285,10382,2225,950000,Prime plus 4.5% per annum.,09/01/2015,on demand,2023-11-06 12:07:15,2023-11-06 12:07:15
8286,10383,47,1252000,2.49% per annum.,09/01/2015,09/01/2016,2023-11-06 12:07:15,2023-11-06 12:07:15
8287,10386,19,3700000,Floating base rate plus 10.0% per annum.,08/31/2015,on demand,2023-11-06 12:07:15,2023-11-06 12:07:15
8288,10388,5,3000000,Prime plus 5.0% per annum.,08/31/2015,on demand,2023-11-06 12:07:15,2023-11-06 12:07:15
8289,10389,2226,1380000,10.0% per annum.,08/31/2015,09/01/2016,2023-11-06 12:07:16,2023-11-06 12:07:16
8290,10391,2227,998475,2.5% per annum.,08/31/2015,08/31/2020,2023-11-06 12:07:16,2023-11-06 12:07:16
8291,10392,7,1800000,3.50% per annum.,08/28/2015,08/27/2018,2023-11-06 12:07:16,2023-11-06 12:07:16
8292,10392,22,1500000,Prime plus 6.0% per annum.,01/31/2011,on demand,2023-11-06 12:07:16,2023-11-06 12:07:16
8293,10394,2228,806750,5.0% per annum.,08/27/2015,11/27/2016,2023-11-06 12:07:16,2023-11-06 12:07:16
8294,10394,2229,350000,7.0% per annum.,08/27/2015,11/27/2016,2023-11-06 12:07:16,2023-11-06 12:07:16
8295,10395,19,3000000,Floating base rate plus 10.0% per annum.,08/25/2015,on demand,2023-11-06 12:07:16,2023-11-06 12:07:16
8296,10398,1,900000,18.0% per annum.,08/21/2015,09/01/2020,2023-11-06 12:07:16,2023-11-06 12:07:16
8297,10399,47,665000,3.4% per annum,08/21/2015,09/01/2025,2023-11-06 12:07:16,2023-11-06 12:07:16
8298,10400,8,7000000,Prime plus 6.0% per annum.,08/20/2015,on demand,2023-11-06 12:07:16,2023-11-06 12:07:16
8299,10401,22,2500000,Prime plus 5.5% per annum.,08/20/2015,on demand,2023-11-06 12:07:16,2023-11-06 12:07:16
8300,10403,22,910000,Prime plus 10.0% per annum.,08/19/2015,on demand,2023-11-06 12:07:16,2023-11-06 12:07:16
8301,10404,8,2000000,Prime plus 6.0% per annum.,08/18/2015,on demand,2023-11-06 12:07:16,2023-11-06 12:07:16
8302,10404,2230,100000,8.0% per annum.,08/18/2015,on demand,2023-11-06 12:07:16,2023-11-06 12:07:16
8303,10405,2,1377645,3.14% per annum.,09/17/2012,12/01/2022,2023-11-06 12:07:16,2023-11-06 12:07:16
8304,10406,300,5000000,4.5% per annum.,08/17/2015,08/17/2020,2023-11-06 12:07:16,2023-11-06 12:07:16
8305,10408,2231,800000,6.0% per annum.,08/17/2015,08/14/2015,2023-11-06 12:07:16,2023-11-06 12:07:16
8306,10409,24,4480000,,08/14/2015,on demand,2023-11-06 12:07:17,2023-11-06 12:07:17
8307,10410,1,1250000,Prime minus 0.65% per annum.,08/14/2015,08/14/2020,2023-11-06 12:07:17,2023-11-06 12:07:17
8308,10411,47,9000000,Prime plus 5.0% per annum.,08/13/2015,on demand,2023-11-06 12:07:17,2023-11-06 12:07:17
8309,10412,1680,900000,4.0% per annum.,08/13/2015,08/12/2016,2023-11-06 12:07:17,2023-11-06 12:07:17
8310,10413,200,3300000,4.9% per annum.,08/12/2015,09/01/2017,2023-11-06 12:07:17,2023-11-06 12:07:17
8311,10413,2232,100000,5.0% per annum.,08/12/2015,08/12/2017,2023-11-06 12:07:17,2023-11-06 12:07:17
8312,10414,2233,225000,3.0% per annum.,08/11/2015,01/24/2018,2023-11-06 12:07:17,2023-11-06 12:07:17
8313,10415,1654,1012500,4.25% per annum.,08/11/2015,09/01/2020,2023-11-06 12:07:17,2023-11-06 12:07:17
8314,10418,169,6650000,"First 2 months, 4.0% per annum. 6.0% per annum thereafter.",08/10/2015,12/01/2015,2023-11-06 12:07:17,2023-11-06 12:07:17
8315,10419,47,700000,Prime plus 5.0% per annum.,08/07/2015,on demand,2023-11-06 12:07:17,2023-11-06 12:07:17
8316,10420,1550,1020000,Greater of RBC prime plus 3.9% or 6.75% per annum.,08/07/2015,on demand,2023-11-06 12:07:17,2023-11-06 12:07:17
8317,10424,515,900000,5.75% per annum.,08/05/2015,09/05/2018,2023-11-06 12:07:17,2023-11-06 12:07:17
8318,10424,7,200000,14.0% per annum.,08/05/2015,09/01/2016,2023-11-06 12:07:17,2023-11-06 12:07:17
8319,10425,47,1005000,2.85% per annum.,08/05/2015,08/01/2018,2023-11-06 12:07:17,2023-11-06 12:07:17
8320,10426,7,6090000,RBC prime plus 0.5% per annum.,08/04/2015,08/04/2018,2023-11-06 12:07:17,2023-11-06 12:07:17
8321,10428,499,1400000,2.972% per annum.,07/31/2015,03/01/2020,2023-11-06 12:07:17,2023-11-06 12:07:17
8322,10429,462,3300000,Prime plus 5.0% per annum.,07/31/2015,on demand,2023-11-06 12:07:17,2023-11-06 12:07:17
8323,10431,2234,1300000,10.0% per annum.,07/31/2015,07/29/2016,2023-11-06 12:07:18,2023-11-06 12:07:18
8324,10432,117,956250,5.25% per annum.,07/30/2015,08/01/2016,2023-11-06 12:07:18,2023-11-06 12:07:18
8325,10433,7,2500000,0% per annum.,07/29/2015,07/29/2020,2023-11-06 12:07:18,2023-11-06 12:07:18
8326,10436,29,4700000,24.0% per annum.,07/28/2015,on demand,2023-11-06 12:07:18,2023-11-06 12:07:18
8327,10437,1,1625000,18.0% per annum.,07/28/2015,08/31/2018,2023-11-06 12:07:18,2023-11-06 12:07:18
8328,10438,22,1300000,Prime plus 6.0% per annum.,07/31/2012,on demand,2023-11-06 12:07:18,2023-11-06 12:07:18
8329,10439,22,1200000,Prime plus 6.0% per annum.,10/11/2013,on demand,2023-11-06 12:07:18,2023-11-06 12:07:18
8330,10440,200,1200000,4.1% per annum.,07/25/2011,08/01/2016,2023-11-06 12:07:18,2023-11-06 12:07:18
8331,10440,2235,400000,12.0% per annum.,09/25/2014,10/15/2015,2023-11-06 12:07:18,2023-11-06 12:07:18
8332,10442,22,1500000,Prime plus 10.0% per annum.,07/24/2015,on demand,2023-11-06 12:07:18,2023-11-06 12:07:18
8333,10445,8,920000,Prime plus 10.0% per annum.,07/02/2015,on demand,2023-11-06 12:07:18,2023-11-06 12:07:18
8334,10446,200,735650,2.96% per annum. Chargee may extend for a further 12 months.,02/17/2010,03/01/2015,2023-11-06 12:07:18,2023-11-06 12:07:18
8335,10447,47,625000,Prime plus 5.0% per annum.,07/24/2015,on demand,2023-11-06 12:07:18,2023-11-06 12:07:18
8336,10448,2220,2050000,6.99% per annum.,07/23/2015,07/22/2016,2023-11-06 12:07:18,2023-11-06 12:07:18
8337,10449,47,330000,Prime plus 5.0% per annum.,07/23/2015,on demand,2023-11-06 12:07:18,2023-11-06 12:07:18
8338,10450,2236,1120000,7.5% per annum.,07/23/2015,07/22/2016,2023-11-06 12:07:18,2023-11-06 12:07:18
8339,10451,8,2200000,Prime plus 6.0% per annum.,07/22/2015,on demand,2023-11-06 12:07:19,2023-11-06 12:07:19
8340,10452,1654,1980000,4.25% per annum.,07/22/2015,08/05/2020,2023-11-06 12:07:19,2023-11-06 12:07:19
8341,10452,2237,550000,3.0% per annum. 15.0% per annum bonus paid on the earlier of the end of term or sale of property.,07/22/2015,07/16/2020,2023-11-06 12:07:19,2023-11-06 12:07:19
8342,10453,2238,1000000,3.0% per annum.,07/21/2015,07/20/2017,2023-11-06 12:07:19,2023-11-06 12:07:19
8343,10454,117,1995413,5.9% per annum.,07/21/2015,08/01/2016,2023-11-06 12:07:19,2023-11-06 12:07:19
8344,10455,1,1110000,2.49% per annum.,07/21/2015,06/25/2019,2023-11-06 12:07:19,2023-11-06 12:07:19
8345,10456,8,8500000,Prime plus 6.0% per annum.,07/20/2015,on demand,2023-11-06 12:07:19,2023-11-06 12:07:19
8346,10457,499,5550000,3.768% per annum.,07/20/2015,08/01/2025,2023-11-06 12:07:19,2023-11-06 12:07:19
8347,10459,2019,1500000,4.65% per annum.,07/20/2015,07/17/2018,2023-11-06 12:07:19,2023-11-06 12:07:19
8348,10459,7,100000,14.0% per annum.,07/20/2015,07/16/2016,2023-11-06 12:07:19,2023-11-06 12:07:19
8349,10460,2239,877500,5.0% per annum.,07/20/2015,08/01/2018,2023-11-06 12:07:19,2023-11-06 12:07:19
8350,10462,2,15500000,RBC prime plus 2.0% per annum.,07/17/2015,07/15/2017,2023-11-06 12:07:19,2023-11-06 12:07:19
8351,10463,1,6000000,18.0% per annum.,07/17/2015,08/01/2020,2023-11-06 12:07:19,2023-11-06 12:07:19
8352,10464,2240,950000,3.5% per annum.,07/17/2015,07/17/2020,2023-11-06 12:07:19,2023-11-06 12:07:19
8353,10465,404,1300000,CIBC prime plus 2.25% per annum.,07/17/2015,08/01/2017,2023-11-06 12:07:19,2023-11-06 12:07:19
8354,10466,110,350000,2.690% per annum.,07/17/2015,07/17/2020,2023-11-06 12:07:19,2023-11-06 12:07:19
8355,10467,22,1404000,Prime plus 10.0% per annum.,07/16/2015,on demand,2023-11-06 12:07:19,2023-11-06 12:07:19
8356,10469,2241,862000,6.0% per annum.,07/16/2015,01/15/2019,2023-11-06 12:07:19,2023-11-06 12:07:19
8357,10470,499,4000000,3.181% per annum.,07/15/2015,08/01/2020,2023-11-06 12:07:19,2023-11-06 12:07:19
8358,10471,1,3690000,18.0% per annum.,07/15/2015,08/01/2020,2023-11-06 12:07:19,2023-11-06 12:07:19
8359,10472,2242,3050000,"4.0% for the first 36 months, then 10.0% per annum.",07/15/2015,10/15/2018,2023-11-06 12:07:19,2023-11-06 12:07:19
8360,10473,2243,4300000,,07/15/2015,on demand,2023-11-06 12:07:20,2023-11-06 12:07:20
8361,10474,1823,1158000,,07/15/2015,on demand,2023-11-06 12:07:20,2023-11-06 12:07:20
8362,10475,1,1125000,18.0% per annum.,07/15/2015,08/01/2019,2023-11-06 12:07:20,2023-11-06 12:07:20
8363,10477,1,1054500,Prime plus 5.0% per annum.,07/15/2015,on demand,2023-11-06 12:07:20,2023-11-06 12:07:20
8364,10478,126,750000,2.9% per annum.,07/15/2015,07/31/2020,2023-11-06 12:07:20,2023-11-06 12:07:20
8365,10479,24,6000000,25.0% per annum.,07/14/2015,on demand,2023-11-06 12:07:20,2023-11-06 12:07:20
8366,10482,7,1600000,2.5% per annum.,07/15/2015,07/15/2015,2023-11-06 12:07:20,2023-11-06 12:07:20
8367,10484,2,1770000,3.84% per annum.,07/13/2015,08/01/2025,2023-11-06 12:07:20,2023-11-06 12:07:20
8368,10485,22,1250000,Prime plus 6.0% per annum.,04/24/2014,on demand,2023-11-06 12:07:20,2023-11-06 12:07:20
8369,10486,2244,1297125,3.04% per annum.,07/10/2015,12/01/2025,2023-11-06 12:07:20,2023-11-06 12:07:20
8370,10489,8,3638000,Prime plus 6.0% per annum.,07/09/2015,on demand,2023-11-06 12:07:20,2023-11-06 12:07:20
8371,10492,7,200000,4.0% per annum.,07/07/2015,07/07/2018,2023-11-06 12:07:20,2023-11-06 12:07:20
8372,10493,2245,2000000,Prime plus 6.0% per annum.,07/07/2015,on demand,2023-11-06 12:07:21,2023-11-06 12:07:21
8373,10494,22,500000,3.11% per annum.,07/07/2015,08/01/2018,2023-11-06 12:07:21,2023-11-06 12:07:21
8374,10495,22,3250000,Prime plus 10.0% per annum.,07/06/2015,on demand,2023-11-06 12:07:21,2023-11-06 12:07:21
8375,10496,7,2080000,2.75% per annum,07/06/2015,07/06/2025,2023-11-06 12:07:21,2023-11-06 12:07:21
8376,10498,1,521250,18.0% per annum.,07/06/2015,08/01/2018,2023-11-06 12:07:21,2023-11-06 12:07:21
8377,10499,47,1560000,Prime plus 5.0% per annum.,07/03/2015,on demand,2023-11-06 12:07:21,2023-11-06 12:07:21
8378,10500,81,5862500,4.95% per annum. Lender may renew for 1 month at the greater of 15.0% or prime plus 5.0% per annum.,07/02/2015,07/15/2018,2023-11-06 12:07:21,2023-11-06 12:07:21
8379,10501,262,3600000,Prime plus 5.0% per annum.,07/02/2015,on demand,2023-11-06 12:07:21,2023-11-06 12:07:21
8380,10502,200,2545133,3.36% per annum. Chargee may extend for a further 6 months at RBC prime plus 1.0% per annum.,07/02/2015,12/01/2025,2023-11-06 12:07:21,2023-11-06 12:07:21
8381,10503,1,1060000,18.0% per annum.,07/02/2015,07/01/2018,2023-11-06 12:07:21,2023-11-06 12:07:21
8382,10504,22,932000,3.31% per annum.,07/02/2015,07/01/2020,2023-11-06 12:07:21,2023-11-06 12:07:21
8383,10505,2,18700000,3.95% per annum.,06/30/2015,10/01/2025,2023-11-06 12:07:21,2023-11-06 12:07:21
8384,10506,2246,7750000,3.0% per annum.,06/30/2015,06/30/2020,2023-11-06 12:07:21,2023-11-06 12:07:21
8385,10507,2247,5326000,4.0% per annum.,06/30/2015,07/30/2015,2023-11-06 12:07:21,2023-11-06 12:07:21
8386,10508,142,6750000,2.37% per annum.,06/30/2015,07/01/2017,2023-11-06 12:07:21,2023-11-06 12:07:21
8387,10508,1,6500000,Prime plus 10.0% per annum.,03/30/2015,04/01/2017,2023-11-06 12:07:21,2023-11-06 12:07:21
8388,10511,2248,1300000,4.0% per annum.,06/30/2015,06/30/2017,2023-11-06 12:07:21,2023-11-06 12:07:21
8389,10512,5,1100000,Prime plus 5.0% per annum.,06/30/2015,on demand,2023-11-06 12:07:21,2023-11-06 12:07:21
8390,10514,22,750000,Prime plus 6.0% per annum.,06/30/2015,on demand,2023-11-06 12:07:22,2023-11-06 12:07:22
8391,10516,1,1087000,18.0% per annum.,06/30/2015,07/01/2018,2023-11-06 12:07:22,2023-11-06 12:07:22
8392,10517,29,900000,24.0% per annum.,06/30/2015,on demand,2023-11-06 12:07:22,2023-11-06 12:07:22
8393,10519,117,993750,5.99% per annum.,06/30/2015,07/01/2016,2023-11-06 12:07:22,2023-11-06 12:07:22
8394,10520,1,656081,18.0% per annum.,06/30/2015,07/01/2025,2023-11-06 12:07:22,2023-11-06 12:07:22
8395,10522,22,1300000,Prime plus 7.5% per annum.,01/11/2011,on demand,2023-11-06 12:07:22,2023-11-06 12:07:22
8396,10523,404,6600000,2.77% per annum.,06/26/2015,02/01/2019,2023-11-06 12:07:22,2023-11-06 12:07:22
8397,10524,269,4500000,1.0% per month. 1.50% per month on balance remaining after 6/25/2017,06/26/2015,06/25/2017,2023-11-06 12:07:22,2023-11-06 12:07:22
8398,10524,2249,2000000,0% per annum. 6.0% per annum on balance remaining after 6/23/2017.,06/26/2015,06/23/2017,2023-11-06 12:07:22,2023-11-06 12:07:22
8399,10526,404,2500000,3.91% per annum.,06/26/2015,07/01/2025,2023-11-06 12:07:22,2023-11-06 12:07:22
8400,10527,5,980000,Prime plus 5.0% per annum.,06/26/2015,on demand,2023-11-06 12:07:22,2023-11-06 12:07:22
8401,10528,1,1404000,2.69% per annum.,06/26/2015,06/26/2020,2023-11-06 12:07:22,2023-11-06 12:07:22
8402,10530,165,816000,4.89% per annum.,06/26/2015,06/26/2020,2023-11-06 12:07:22,2023-11-06 12:07:22
8403,10531,2250,487000,8.0% per annum.,06/28/2015,07/01/2016,2023-11-06 12:07:22,2023-11-06 12:07:22
8404,10533,126,1078125,3.2% per annum.,06/25/2015,07/12/2020,2023-11-06 12:07:22,2023-11-06 12:07:22
8405,10534,70,3308168,2.37% per annum.,06/24/2015,12/01/2020,2023-11-06 12:07:23,2023-11-06 12:07:23
8406,10534,2251,150000,4.0% per annum.,06/24/2015,12/01/2020,2023-11-06 12:07:23,2023-11-06 12:07:23
8407,10535,29,3000000,24.0% per annum.,06/24/2015,on demand,2023-11-06 12:07:23,2023-11-06 12:07:23
8408,10535,2252,300000,3.85% per annum.,06/24/2015,06/24/2020,2023-11-06 12:07:23,2023-11-06 12:07:23
8409,10536,22,800000,Prime plus 1.25% per annum.,06/24/2015,on demand,2023-11-06 12:07:23,2023-11-06 12:07:23
8410,10537,24,3694000,25.0% per annum.,06/23/2015,on demand,2023-11-06 12:07:23,2023-11-06 12:07:23
8411,10538,22,1187500,Prime plus 10.0% per annum.,06/23/2015,on demand,2023-11-06 12:07:23,2023-11-06 12:07:23
8412,10540,5,976500,Prime plus 5.0% per annum.,06/19/2015,on demand,2023-11-06 12:07:23,2023-11-06 12:07:23
8413,10541,47,990000,Prime plus 5.0% per annum.,06/19/2015,on demand,2023-11-06 12:07:23,2023-11-06 12:07:23
8414,10542,7,735000,8.0% per annum.,11/30/2009,12/01/2013,2023-11-06 12:07:23,2023-11-06 12:07:23
8415,10542,2253,340000,8.0% per annum.,03/19/2013,03/19/2015,2023-11-06 12:07:23,2023-11-06 12:07:23
8416,10543,7,3000000,"0% for the first year, 3.0% per annum thereafter.",06/17/2015,06/17/2019,2023-11-06 12:07:23,2023-11-06 12:07:23
8417,10544,22,500000,Prime plus 6.95% per annum.,06/19/2015,on demand,2023-11-06 12:07:23,2023-11-06 12:07:23
8418,10545,395,19911648,,06/15/2015,on demand,2023-11-06 12:07:23,2023-11-06 12:07:23
8419,10546,2254,2000000,6.0% per annum.,06/15/2015,06/15/2016,2023-11-06 12:07:23,2023-11-06 12:07:23
8420,10546,2255,1600000,4.0% per annum.,06/15/2015,06/15/2020,2023-11-06 12:07:23,2023-11-06 12:07:23
8421,10547,1,1100000,2.59% per annum.,06/15/2015,06/15/2020,2023-11-06 12:07:23,2023-11-06 12:07:23
8422,10549,81,750000,4.25% per annum. Lender may renew for 1 month at the greater of 15.0% or prime plus 5.0% per annum.,06/15/2015,07/05/2018,2023-11-06 12:07:23,2023-11-06 12:07:23
8423,10550,1,587500,Prime plus 7.0% per annum.,06/15/2015,on demand,2023-11-06 12:07:23,2023-11-06 12:07:23
8424,10551,7,4500000,RBC Prime plus 1.0% per annum.,06/24/2014,on demand,2023-11-06 12:07:23,2023-11-06 12:07:23
8425,10551,2256,47500000,4.6% per annum.,09/18/2013,10/01/2023,2023-11-06 12:07:23,2023-11-06 12:07:23
8426,10552,7,1125000,4.0% per annum.,06/12/2015,06/05/2017,2023-11-06 12:07:23,2023-11-06 12:07:23
8427,10553,22,1370000,Prime plus 6.25% per annum.,06/12/2015,on demand,2023-11-06 12:07:23,2023-11-06 12:07:23
8428,10556,128,8250000,5.24% per annum.,04/04/2011,05/01/2021,2023-11-06 12:07:24,2023-11-06 12:07:24
8429,10559,43,4600000,8.0% per annum.,06/05/2015,07/01/2016,2023-11-06 12:07:24,2023-11-06 12:07:24
8430,10559,7,450000,2.25% per annum.,06/05/2015,07/05/2020,2023-11-06 12:07:24,2023-11-06 12:07:24
8431,10560,7,1837500,4.5% per annum.,06/05/2015,06/05/2020,2023-11-06 12:07:24,2023-11-06 12:07:24
8432,10561,1,2485000,18.0% per annum.,06/04/2015,06/01/2020,2023-11-06 12:07:24,2023-11-06 12:07:24
8433,10562,117,1822500,4.99% per annum.,06/04/2015,07/01/2016,2023-11-06 12:07:24,2023-11-06 12:07:24
8434,10563,1,800000,18.0% per annum.,06/04/2015,07/01/2020,2023-11-06 12:07:24,2023-11-06 12:07:24
8435,10564,2257,2350000,4.0% per annum.,06/02/2015,06/02/2020,2023-11-06 12:07:24,2023-11-06 12:07:24
8436,10565,2258,900000,4.0% per annum.,06/02/2015,06/02/2020,2023-11-06 12:07:24,2023-11-06 12:07:24
8437,10566,47,2075000,Prime plus 5.0% per annum.,06/02/2015,on demand,2023-11-06 12:07:24,2023-11-06 12:07:24
8438,10567,7,711750,4.0% per annum.,06/02/2015,05/31/2017,2023-11-06 12:07:24,2023-11-06 12:07:24
8439,10568,200,5900000,4.20% per annum.,06/01/2015,10/01/2018,2023-11-06 12:07:24,2023-11-06 12:07:24
8440,10569,1,2350450,18.0% per annum.,09/15/2011,10/01/2016,2023-11-06 12:07:24,2023-11-06 12:07:24
8441,10570,1,1300000,18.0% per annum.,06/01/2015,06/01/2018,2023-11-06 12:07:24,2023-11-06 12:07:24
8442,10571,2259,1238758,5.0% per annum.,06/01/2015,06/01/2020,2023-11-06 12:07:24,2023-11-06 12:07:24
8443,10572,5,1605000,Prime plus 6.0% per annum.,06/01/2015,on demand,2023-11-06 12:07:24,2023-11-06 12:07:24
8444,10574,22,862500,Prime plus 10.0% per annum.,06/01/2015,on demand,2023-11-06 12:07:24,2023-11-06 12:07:24
8445,10576,1,525000,2.690% per annum.,06/01/2015,06/01/2020,2023-11-06 12:07:25,2023-11-06 12:07:25
8446,10577,171,6000000,"RBC prime, but not less than 2.85% per annum.",05/29/2015,06/01/2017,2023-11-06 12:07:25,2023-11-06 12:07:25
8447,10581,169,9075000,3.272% per annum.,05/28/2015,06/01/2020,2023-11-06 12:07:25,2023-11-06 12:07:25
8448,10582,2260,6500000,3.14% per annum.,01/28/2015,02/01/2020,2023-11-06 12:07:25,2023-11-06 12:07:25
8449,10583,69,7000000,Prime plus 5.0% per annum.,05/28/2015,on demand,2023-11-06 12:07:25,2023-11-06 12:07:25
8450,10585,499,2100000,4.023% per annum.,05/28/2015,04/01/2025,2023-11-06 12:07:25,2023-11-06 12:07:25
8451,10586,2261,700000,3.50% per annum.,05/28/2015,05/28/2016,2023-11-06 12:07:25,2023-11-06 12:07:25
8452,10587,169,1200000,25.0% per annum.,05/28/2015,09/01/2015,2023-11-06 12:07:25,2023-11-06 12:07:25
8453,10589,5,412000,Prime plus 5.0% per annum.,05/28/2015,on demand,2023-11-06 12:07:25,2023-11-06 12:07:25
8454,10593,117,1725000,4.85% per annum.,05/25/2015,06/01/2017,2023-11-06 12:07:25,2023-11-06 12:07:25
8455,10596,24,2400000,,05/26/2014,on demand,2023-11-06 12:07:26,2023-11-06 12:07:26
8456,10596,7,200000,11.0% per annum.,05/30/2014,05/30/2015,2023-11-06 12:07:26,2023-11-06 12:07:26
8457,10598,200,3409025,2.18% per annum.,05/21/2015,06/01/2020,2023-11-06 12:07:26,2023-11-06 12:07:26
8458,10600,70,1417275,2.05% per annum.,05/21/2015,06/01/2020,2023-11-06 12:07:26,2023-11-06 12:07:26
8459,10602,1,1250000,Prime plus 5.0% per annum.,05/19/2015,on demand,2023-11-06 12:07:26,2023-11-06 12:07:26
8460,10603,2262,1920000,Prime plus 10.0% per annum.,05/19/2015,on demand,2023-11-06 12:07:26,2023-11-06 12:07:26
8461,10605,8,3900000,Prime plus 6.0% per annum.,05/15/2015,on demand,2023-11-06 12:07:26,2023-11-06 12:07:26
8462,10607,2263,200000,3.0% per annum.,05/15/2015,05/15/2020,2023-11-06 12:07:26,2023-11-06 12:07:26
8463,10607,169,956938,3.17% per annum. Chargee may extend for a further 6 months at RBC prime plus 1.0% per annum.,09/17/2012,12/01/2022,2023-11-06 12:07:26,2023-11-06 12:07:26
8464,10608,7,4212000,3.5% per annum.,05/13/2015,on demand,2023-11-06 12:07:26,2023-11-06 12:07:26
8465,10610,29,4000000,24.0% per annum.,05/08/2015,on demand,2023-11-06 12:07:26,2023-11-06 12:07:26
8466,10611,1,1162500,18.0% per annum.,05/08/2015,06/01/2019,2023-11-06 12:07:26,2023-11-06 12:07:26
8467,10612,22,970000,Prime plus 10.0% per annum.,05/08/2015,on demand,2023-11-06 12:07:26,2023-11-06 12:07:26
8468,10613,7,1000000,1.0% per nnum.,05/07/2015,05/01/2020,2023-11-06 12:07:26,2023-11-06 12:07:26
8469,10615,23,12410000,Prime plus 3.25% per annum.,05/05/2015,06/01/2017,2023-11-06 12:07:26,2023-11-06 12:07:26
8470,10616,2264,2314050,1.85% per annum.,05/05/2015,05/05/2020,2023-11-06 12:07:27,2023-11-06 12:07:27
8471,10617,499,2350000,3.102% per annum.,05/05/2015,06/01/2020,2023-11-06 12:07:27,2023-11-06 12:07:27
8472,10618,2265,1870387,3.0% per annum.,05/01/2015,05/01/2018,2023-11-06 12:07:27,2023-11-06 12:07:27
8473,10621,7,1800000,6.0% per annum.,08/31/2016,02/28/2018,2023-11-06 12:07:27,2023-11-06 12:07:27
8474,10622,499,1000000,2.771% per annum.,08/31/2016,09/01/2019,2023-11-06 12:07:27,2023-11-06 12:07:27
8475,10623,1,833000,18.0% per annum,08/31/2016,09/01/2019,2023-11-06 12:07:27,2023-11-06 12:07:27
8476,10624,200,1596296,2.10% per annum.,06/01/2015,06/01/2020,2023-11-06 12:07:27,2023-11-06 12:07:27
8477,10625,22,3700000,3.27% per annum.,08/29/2016,08/29/2026,2023-11-06 12:07:27,2023-11-06 12:07:27
8478,10626,499,866168,2.138% per annum.,08/09/2016,09/01/2021,2023-11-06 12:07:27,2023-11-06 12:07:27
8479,10628,47,2825000,Prime plus 5.0% per annum.,08/26/2016,on demand,2023-11-06 12:07:27,2023-11-06 12:07:27
8480,10629,435,8000000,10.0% per annum.,08/25/2016,08/25/2018,2023-11-06 12:07:27,2023-11-06 12:07:27
8481,10630,47,1800000,Prime plus 5.0% per annum.,08/25/2016,on demand,2023-11-06 12:07:27,2023-11-06 12:07:27
8482,10630,2266,100000,5.5% per annum.,08/25/2016,08/25/2017,2023-11-06 12:07:27,2023-11-06 12:07:27
8483,10631,1,1860000,18.0% per annum.,08/23/2016,09/01/2019,2023-11-06 12:07:27,2023-11-06 12:07:27
16263,20286,364,13000000,9.0% per annum.,10/24/2018,11/01/2020,2023-12-08 20:20:44,2023-12-08 20:20:44
16264,20286,4325,3000000,11.67% per annum.,10/24/2018,11/19/2019,2023-12-08 20:20:44,2023-12-08 20:20:44
16265,20288,169,16000000,"First 35 months, TD prime plus 2.80% per annum. Thereafter, TD prime plus 4.80% per annum.",10/23/2018,11/01/2021,2023-12-08 20:20:44,2023-12-08 20:20:44
16266,20290,4326,42045000,"0% until 10/9/2019, then 6.0% per annum.",10/19/2018,10/09/2020,2023-12-08 20:20:45,2023-12-08 20:20:45
16267,20291,5,200000000,25.0% per annum.,10/19/2018,on demand,2023-12-08 20:20:45,2023-12-08 20:20:45
16268,20294,4327,12000000,,10/17/2018,on demand,2023-12-08 20:20:45,2023-12-08 20:20:45
16269,20295,1432,8000000,10.0% per annum.,10/17/2018,11/01/2019,2023-12-08 20:20:45,2023-12-08 20:20:45
16270,20298,171,11500000,4.72% per annum.,10/05/2018,11/01/2023,2023-12-08 20:20:45,2023-12-08 20:20:45
16271,20299,4328,33865000,20.0% per annum.,10/12/2018,on demand,2023-12-08 20:20:45,2023-12-08 20:20:45
16272,20300,499,19650000,4.199% per annum.,12/21/2012,01/01/2023,2023-12-08 20:20:46,2023-12-08 20:20:46
16273,20301,5,12900000,25.0% per annum.,10/11/2018,on demand,2023-12-08 20:20:46,2023-12-08 20:20:46
16274,20302,1489,50000000,25.0% per annum.,10/04/2018,on demand,2023-12-08 20:20:46,2023-12-08 20:20:46
16275,20303,4329,9650000,3.96% per annum.,10/04/2018,11/01/2028,2023-12-08 20:20:46,2023-12-08 20:20:46
16276,20304,404,7500000,As per the Commitment Letter.,10/04/2018,11/01/2021,2023-12-08 20:20:46,2023-12-08 20:20:46
16277,20305,4330,7007000,2.0% per annum.,10/04/2018,10/04/2021,2023-12-08 20:20:46,2023-12-08 20:20:46
16278,20306,8,10000000,Prime plus 6.0% per annum.,10/02/2018,on demand,2023-12-08 20:20:47,2023-12-08 20:20:47
16279,20307,4331,28000000,"5.50% per annum. Due the earlier of 10/1/2023 or 10 business days following excavation, shoring or building permit.",10/01/2018,on demand,2023-12-08 20:20:47,2023-12-08 20:20:47
16280,20307,4332,12400000,"TD prime plus 4.30%, with aminimum of 8.0% per annum.",10/01/2018,04/01/2020,2023-12-08 20:20:47,2023-12-08 20:20:47
16281,20308,7,6000000,3.50% per annum.,10/01/2018,09/28/2023,2023-12-08 20:20:47,2023-12-08 20:20:47
16282,20308,3408,3375000,,10/01/2018,on demand,2023-12-08 20:20:47,2023-12-08 20:20:47
16283,20309,1,5500000,18.0% per annum.,10/01/2018,10/01/2023,2023-12-08 20:20:47,2023-12-08 20:20:47
16284,20310,172,6000000,"Greater of 8.75% or RBC prime plus 4.75% per annum for the first 24 months. Thereafter, greater of 12.0% or RBC prime plus 8.05 per annum.",10/01/2018,11/02/2020,2023-12-08 20:20:47,2023-12-08 20:20:47
16285,20310,4333,2000000,5.0% per annum.,10/01/2018,09/28/2020,2023-12-08 20:20:47,2023-12-08 20:20:47
16286,20310,7,1814233,0% per annum.,10/01/2018,on demand,2023-12-08 20:20:47,2023-12-08 20:20:47
16287,20311,575,200000000,25.0% per annum.,06/30/2017,on demand,2023-12-11 14:00:13,2023-12-11 14:00:13
16288,20314,96,30000000,Prime plus 1.15% per annum.,06/29/2017,07/05/2019,2023-12-11 14:00:14,2023-12-11 14:00:14
16289,20316,50,9000000,3.60% per annum.,06/29/2017,06/01/2022,2023-12-11 14:00:14,2023-12-11 14:00:14
16290,20317,1432,23000000,10.5% per annum.,06/28/2017,07/01/2018,2023-12-11 14:00:14,2023-12-11 14:00:14
16291,20318,133,5500000,"9.0% for the first 36 months. Thereafter, 18.0% per annum.",06/28/2017,01/01/2021,2023-12-11 14:00:14,2023-12-11 14:00:14
16292,20318,7,5000000,4.0% per annum.,06/28/2017,06/28/2020,2023-12-11 14:00:14,2023-12-11 14:00:14
16293,20320,1117,8082900,"0% until 6/27/2018, then BMO commercial prime plus 1.5% per annum.",06/27/2017,06/27/2020,2023-12-11 14:00:15,2023-12-11 14:00:15
16294,20322,1117,7648200,"0% until 6/27/2018, then BMO commercial prime plus 1.5% per annum.",06/27/2017,06/27/2020,2023-12-11 14:00:15,2023-12-11 14:00:15
16295,20323,1117,7004760,"0% until 6/27/2018, then BMO commercial prime plus 1.5% per annum.",06/27/2017,06/27/2017,2023-12-11 14:00:15,2023-12-11 14:00:15
16296,20324,7,6250000,"0% until 12/21/2018, then 4.0% per annum.",06/26/2017,06/21/2022,2023-12-11 14:00:15,2023-12-11 14:00:15
16297,20325,7,7500000,3.0% per annum.,06/26/2017,on demand,2023-12-11 14:00:15,2023-12-11 14:00:15
16298,20325,4334,2000000,"12.68% per annum. (1.0% per month, compounded monthly)",06/26/2017,06/26/2018,2023-12-11 14:00:15,2023-12-11 14:00:15
16299,20326,4335,6925000,6.0% per annum.,06/23/2017,08/25/2020,2023-12-11 14:00:15,2023-12-11 14:00:15
16300,20327,200,10500000,3.55% per annum.,06/22/2017,07/01/2024,2023-12-11 14:00:15,2023-12-11 14:00:15
16301,20328,557,5590000,0% per annum.,06/21/2017,on demand,2023-12-11 14:00:15,2023-12-11 14:00:15
16302,20329,1550,5220000,Greater of 5.50% or RBC prime plus 2.80% per annum.,06/23/2017,on demand,2023-12-11 14:00:16,2023-12-11 14:00:16
16303,20329,7,4950000,0% per annum.,06/23/2017,on demand,2023-12-11 14:00:16,2023-12-11 14:00:16
16304,20330,1,11500000,18.0% per annum.,06/20/2017,07/01/2021,2023-12-11 14:00:16,2023-12-11 14:00:16
16305,20331,29,9850000,24.0% per annum.,06/19/2017,on demand,2023-12-11 14:00:16,2023-12-11 14:00:16
16306,20331,4336,2000000,5.0% per annum.,06/19/2017,06/19/2020,2023-12-11 14:00:16,2023-12-11 14:00:16
16307,20333,404,14000000,3.69% per annum.,07/23/2015,08/05/2025,2023-12-11 14:00:16,2023-12-11 14:00:16
16308,20334,7,8250000,"0% for the first 12 months, then 3.0% per annum.",06/15/2017,06/15/2022,2023-12-11 14:00:16,2023-12-11 14:00:16
16309,20335,4337,6093750,Greater of TD prime plus 2.0% or 4.0% per annum.,06/15/2017,06/15/2020,2023-12-11 14:00:16,2023-12-11 14:00:16
16310,20336,499,25000000,4.249% per annum.,06/10/2014,07/01/2024,2023-12-11 14:00:16,2023-12-11 14:00:16
16311,20337,148,8452350,2.50% per annum.,06/09/2017,06/01/2027,2023-12-11 14:00:17,2023-12-11 14:00:17
16312,20338,4338,15146250,"0% for the first 3 years, thereafter 5.0% per annum.",06/08/2017,on demand,2023-12-11 14:00:17,2023-12-11 14:00:17
16313,20339,4339,6500000,4.0% per annum.,06/08/2017,06/08/2021,2023-12-11 14:00:17,2023-12-11 14:00:17
16314,20342,4340,46500000,Aggregate of 5.0% and TD Canada Trust prime rate per annum.,05/01/2012,on demand,2023-12-11 14:00:17,2023-12-11 14:00:17
16315,20342,4341,46500000,Aggregate of 5.0% and TD Canada Trust prime rate per annum.,05/01/2012,on demand,2023-12-11 14:00:17,2023-12-11 14:00:17
16316,20342,1382,29000000,4.30% per annum.,03/27/2013,04/01/2023,2023-12-11 14:00:17,2023-12-11 14:00:17
16317,20345,4342,30000000,2.70% per annum.,06/01/2017,09/30/2017,2023-12-11 14:00:17,2023-12-11 14:00:17
16318,20347,50,7350000,Prime plus 10.0% per annum.,06/01/2017,on demand,2023-12-11 14:00:18,2023-12-11 14:00:18
16319,20348,4343,14250000,"4.25% per annum for the first year, and 8.5% per annum for the second year.",05/31/2017,05/31/2019,2023-12-11 14:00:18,2023-12-11 14:00:18
16320,20349,4344,10446003,0% for the first year. 1.0% per annum for the second year and 2.0% per annum for the third year.,05/31/2017,05/31/2021,2023-12-11 14:00:18,2023-12-11 14:00:18
16321,20350,556,1000000000,25.0% per annum.,05/30/2017,on demand,2023-12-11 14:00:18,2023-12-11 14:00:18
16322,20350,2,1000000000,25.0% per annum.,05/30/2017,on demand,2023-12-11 14:00:18,2023-12-11 14:00:18
16323,20351,556,1000000000,25.0% per annum.,05/30/2017,on demand,2023-12-11 14:00:18,2023-12-11 14:00:18
16324,20351,2,1000000000,25.0% per annum.,05/30/2017,on demand,2023-12-11 14:00:18,2023-12-11 14:00:18
16325,20353,24,14000000,25.0% per annum.,10/23/2015,on demand,2023-12-11 14:00:19,2023-12-11 14:00:19
16326,20355,499,7000000,3.038% per annum.,05/19/2017,06/01/2021,2023-12-11 14:00:19,2023-12-11 14:00:19
16327,20356,381,11120000,2.20 per annum.,05/18/2017,06/01/2022,2023-12-11 14:00:19,2023-12-11 14:00:19
16328,20357,8,25000000,Prime plus 6.0% per annum.,05/15/2017,on demand,2023-12-11 14:00:19,2023-12-11 14:00:19
16329,20357,1103,2000000,,05/15/2017,on demand,2023-12-11 14:00:19,2023-12-11 14:00:19
16330,20359,4345,10150000,5.0% per annum.,05/10/2017,11/10/2018,2023-12-11 14:00:19,2023-12-11 14:00:19
16331,20359,43,9125000,10.50% per annum.,05/10/2017,06/01/2018,2023-12-11 14:00:19,2023-12-11 14:00:19
16332,20362,4346,21000000,2.0% per annum.,05/03/2017,11/03/2018,2023-12-11 14:00:20,2023-12-11 14:00:20
16333,20363,4347,12114765,"0% for the first year, then 2.0% per annum.",08/30/2016,08/30/2021,2023-12-11 14:00:20,2023-12-11 14:00:20
16334,20364,538,51443090,2.70% per annum.,05/03/2017,05/03/2020,2023-12-11 14:00:20,2023-12-11 14:00:20
16335,20365,462,16250000,Prime plus 5.0% per annum.,06/02/2017,on demand,2023-12-11 14:00:20,2023-12-11 14:00:20
16336,20366,22,200000000,Prime plus 5.0% per annum.,05/02/2017,on demand,2023-12-11 14:00:20,2023-12-11 14:00:20
16337,20367,8,20900000,Prime plus 6.0% per annum.,05/20/2017,on demand,2023-12-11 14:00:20,2023-12-11 14:00:20
16338,20368,404,7360000,3.45% per annum.,05/02/2017,09/01/2021,2023-12-11 14:00:20,2023-12-11 14:00:20
16339,20369,8,20900000,Prime plus 6.0% per annum.,05/02/2017,on demand,2023-12-11 14:00:20,2023-12-11 14:00:20
16340,20370,4348,500000000,Prime plus 12.5% per annum.,05/01/2017,on demand,2023-12-11 14:00:20,2023-12-11 14:00:20
16341,20370,4349,500000000,Prime plus 12.5% per annum.,05/01/2017,on demand,2023-12-11 14:00:20,2023-12-11 14:00:20
16342,20372,4350,17000000,3.0% per annum.,04/28/2017,04/28/2020,2023-12-11 14:00:21,2023-12-11 14:00:21
16343,20374,8,18000000,18.0% per annum.,04/27/2017,on demand,2023-12-11 14:00:21,2023-12-11 14:00:21
16344,20374,4351,4500000,Prime plus 2.5% per annum.,04/27/2017,on demand,2023-12-11 14:00:21,2023-12-11 14:00:21
16345,20376,364,15000000,15.0% per annum.,04/26/2017,10/26/2018,2023-12-11 14:00:21,2023-12-11 14:00:21
16346,20378,1306,20560000,"0% until 4/21/2018, the 6.0% per annum.",04/21/2017,04/21/2019,2023-12-11 14:00:21,2023-12-11 14:00:21
16347,20379,1184,15000000,5.0% per annum.,04/20/2017,04/20/2018,2023-12-11 14:00:21,2023-12-11 14:00:21
16348,20380,5,53000000,Prime plus 5.0% per annum.,04/20/2017,on demand,2023-12-11 14:00:21,2023-12-11 14:00:21
16349,20380,4352,19696625,5.0% per annum.,04/20/2017,03/31/2019,2023-12-11 14:00:21,2023-12-11 14:00:21
16350,20383,4353,18964750,RBC prime plus 5.0% if unpaid as required by purchase agreement.,04/19/2017,on demand,2023-12-11 14:00:22,2023-12-11 14:00:22
16351,20384,4354,7882086,"0% until 6/13/2017, then TD prime plus 2.0% per annum.",04/18/2017,09/13/2018,2023-12-11 14:00:22,2023-12-11 14:00:22
16352,20385,7,1208000,20.0% per annum.,04/12/2017,on demand,2023-12-11 14:00:22,2023-12-11 14:00:22
16353,20386,4355,10000000,15.0% per annum.,04/12/2017,on demand,2023-12-11 14:00:22,2023-12-11 14:00:22
16354,20386,4356,7333260,3.0% per annum.,04/12/2017,04/12/2020,2023-12-11 14:00:22,2023-12-11 14:00:22
16355,20387,200,30000000,3.65% per annum.,04/10/2017,05/01/2024,2023-12-11 14:00:22,2023-12-11 14:00:22
16356,20389,1526,22201200,"O% for the first 347 days, then 4.0% per annum. Due the earlier of 4/4/2022, or 3 months following receipt of Draft Approval of subdivision plan.",04/04/2017,on demand,2023-12-11 14:00:23,2023-12-11 14:00:23
16357,20390,1526,22201200,"O% for the first 347 days, then 4.0% per annum. Due the earlier of 4/4/2022, or 3 months following receipt of Draft Approval of subdivision plan.",04/04/2017,on demand,2023-12-11 14:00:23,2023-12-11 14:00:23
16358,20391,4357,11000000,3.0% per annum.,04/04/2017,05/01/2027,2023-12-11 14:00:23,2023-12-11 14:00:23
16359,20392,5,35000000,Prime plus 5.0% per annum.,04/03/2017,on demand,2023-12-11 14:00:23,2023-12-11 14:00:23
16360,20392,3534,30160975,"0% until 1/3/2018, then 5.5% per annum.",04/03/2017,10/03/2019,2023-12-11 14:00:23,2023-12-11 14:00:23
