1,CLV Realty Corp,clvrealty.com,,2023-12-02 13:35:01,'2023-10-30 12:42:05')
2,Coldwell Banker Commercial,coldwellbanker.co.th,,2023-12-02 13:35:00,'2023-10-30 12:42:05')
3,CB Richard Ellis,cbre.com,,2023-12-02 13:34:44,'2023-10-30 12:42:05')
4,Newmark Canada,,,2023-10-12 11:18:58,'2023-10-30 12:42:05')
5,Jones Lang LaSalle,jll.com,,2024-04-16 14:52:12,'2023-10-30 12:42:05')
6,Lennard Commercial,lennard.com,,2023-12-02 13:34:42,'2023-10-30 12:42:05')
7,Right at Home Realty,rightathomerealty.com,,2023-12-02 13:34:43,'2023-10-30 12:42:05')
8,Colliers International,colliers.com,,2023-12-02 13:34:49,'2023-10-30 12:42:05')
9,D. W. Gould Realty Advisors,,,2023-10-12 11:18:58,'2023-10-30 12:42:05')
10,CBRE Ltd,cbre.com,,2023-12-02 13:34:43,'2023-10-30 12:42:05')
11,Vanguard Realty Corp,vanguardproperties.com,,2023-12-02 13:35:02,'2023-10-30 12:42:05')
12,Koble Commercial Real Estate,koble.ca,,2023-12-02 13:34:43,'2023-10-30 12:42:05')
13,Cushman &amp; Wakefield Southwestern Ontario,,,2023-10-12 11:18:58,'2023-10-30 12:42:05')
14,Avison Young,jll.com,,2024-04-16 14:52:12,'2023-10-30 12:42:05')
15,Homelife/Miracle Realty,,,2023-10-12 11:18:58,'2023-10-30 12:42:05')
16,Cushman &amp; Wakefield ULC,cresa.com,,2023-12-02 13:41:56,'2023-10-30 12:42:05')
17,IPA Marcus Millichap,primecorp.ca,,2023-12-02 13:34:44,'2023-10-30 12:42:05')
18,Reed Realty,,,2023-10-12 11:18:59,'2023-10-30 12:42:05')
19,RE/MAX Realty Services,,,2023-10-12 11:18:59,'2023-10-30 12:42:05')
20,CMA Realty,,,2023-10-12 11:18:59,'2023-10-30 12:42:05')
21,Royal LePage Credit Valley,,,2023-10-12 11:18:59,'2023-10-30 12:42:05')
22,JDF Realty Ltd,,,2023-10-12 11:18:59,'2023-10-30 12:42:05')
23,Spectrum Realty Services Inc,spectrumrealtyco.com,,2023-12-02 13:34:43,'2023-10-30 12:42:05')
24,Your Home Sold Guaranteed Realty Timsold Inc,,,2023-10-12 11:19:00,'2023-10-30 12:42:05')
25,Elite Capital Realty,,,2023-10-12 11:19:00,'2023-10-30 12:42:05')
26,Royal LePage Real Estate Services,,,2023-10-12 11:19:00,'2023-10-30 12:42:05')
27,TD Securities Inc,tdsecurities.com,,2023-12-02 13:34:44,'2023-10-30 12:42:05')
28,SVN Rock Advisors,,,2023-10-12 11:19:00,'2023-10-30 12:42:05')
29,Ed Lowe Ltd,,,2023-10-12 11:19:00,'2023-10-30 12:42:05')
30,Lennard Commercial Realty,lennard.com,,2023-12-02 13:34:44,'2023-10-30 12:42:05')
31,Indusite Realty Corp,,,2023-10-12 11:19:06,'2023-10-30 12:42:05')
32,Institutional Property Advisors,institutionalpropertyadvisors.com,,2023-12-02 13:35:00,'2023-10-30 12:42:05')
33,Cushman &amp; Wakefield,,,2023-10-12 11:19:08,'2023-10-30 12:42:05')
34,TD Cornerstone Commercial Realty Inc,,,2023-10-12 11:19:10,'2023-10-30 12:42:05')
35,Rogers &amp; Trainor Commercial Realty Inc,,,2023-10-12 11:19:58,'2023-10-30 12:42:05')
36,Colliers Capital Markets Canada,,,2023-10-12 11:19:59,'2023-10-30 12:42:05')
37,Colliers International Toronto West Office,,,2023-10-12 11:19:59,'2023-10-30 12:42:05')
38,Whitney &amp; Company Realty Ltd,whitneycompany.net,,2023-12-02 13:52:21,'2023-10-30 12:42:05')
39,Red Leaf Real Estate Ltd,,,2023-10-12 11:19:59,'2023-10-30 12:42:05')
40,Mysak Realty Inc,,,2023-10-12 11:20:02,'2023-10-30 12:42:05')
41,Royal LePage Peifer Realty,,,2023-10-12 11:20:02,'2023-10-30 12:42:05')
42,Capital North Realty Corp,northsound.com,,2023-12-02 13:35:00,'2023-10-30 12:42:05')
43,Homelife Landmark Realty Inc,,,2023-10-12 11:20:03,'2023-10-30 12:42:05')
44,Zolo Realty,zolo.ca,,2023-12-02 13:35:04,'2023-10-30 12:42:05')
45,Main Street Realty Ltd,,,2023-10-12 11:20:03,'2023-10-30 12:42:05')
46,RE/MAX Twin City Realty Inc,remaxtwincity.com,,2023-12-02 13:34:43,'2023-10-30 12:42:05')
47,Brewing Brokers Realty Inc,brokersrealtygroup.com,,2023-12-02 13:35:00,'2023-10-30 12:42:05')
48,Coupal Markou Commercial Real Estate,corenyc.com,,2023-12-02 13:35:00,'2023-10-30 12:42:05')
49,RE/MAX Advantage Realty Ltd,,,2023-10-12 11:20:03,'2023-10-30 12:42:05')
50,Royal LePage Your Community Realty,,,2023-10-12 11:20:04,'2023-10-30 12:42:05')
51,Avison Young Inc,,,2023-10-12 11:20:04,'2023-10-30 12:42:05')
52,Bosley Real Estate Ltd,bosleyrealestate.com,,2023-12-02 13:34:43,'2023-10-30 12:42:05')
53,Colliers International Niagara Ltd,,,2023-10-12 11:20:05,'2023-10-30 12:42:05')
54,Royal LePage Frank Real Estate,,,2023-10-12 11:20:05,'2023-10-30 12:42:05')
55,Century 21 Regal Realty Inc,,,2023-10-12 11:20:05,'2023-10-30 12:42:05')
56,Axis Realty,,,2023-10-12 11:20:05,'2023-10-30 12:42:05')
57,Citi Brokers Realty Inc,,,2023-10-12 11:20:05,'2023-10-30 12:42:05')
58,CPM Realty Corp,cpmrealty.com.au,,2023-12-02 13:34:43,'2023-10-30 12:42:05')
59,Vanguard Realty,,,2023-10-12 11:20:07,'2023-10-30 12:42:05')
60,RBC Capital Markets Realty Inc,,,2023-10-12 11:20:07,'2023-10-30 12:42:05')
61,Royal LePage Signature Realty,,,2023-10-12 11:20:07,'2023-10-30 12:42:05')
62,DW Gould Realty,,,2023-10-12 11:20:07,'2023-10-30 12:42:05')
63,Cushman &amp; Wakefield Waterloo Region Ltd,,,2023-10-12 11:20:08,'2023-10-30 12:42:05')
64,"Jordan Palmer, Scott Anderson &amp; David Anderson, 519-585-2200Lennard Commercial Realty",colliers.com,,2023-12-02 13:34:49,'2023-10-30 12:42:05')
65,Cushman &amp; Wakefield Ltd,dtz.com,,2023-12-02 13:41:56,'2023-10-30 12:42:05')
66,REN/TEX Realty Inc,rentexrealty.com,,2023-12-02 13:35:05,'2023-10-30 12:42:05')
67,Spectrum Realty Services,,,2023-10-12 11:20:11,'2023-10-30 12:42:05')
68,Sincere Realty Inc,,,2023-10-12 11:20:11,'2023-10-30 12:42:05')
69,Realty Executive Experts Inc,,,2023-10-12 11:20:11,'2023-10-30 12:42:05')
70,Pantalone Realty Corp,,,2023-10-12 11:20:28,'2023-10-30 12:42:05')
71,Whitney &amp; Company Realty,whitneycompany.net,,2023-12-02 13:52:21,'2023-10-30 12:42:05')
72,Homelife New World Realty,homelife.com,,2023-12-02 13:35:00,'2023-10-30 12:42:05')
73,District Realty,,,2023-10-12 11:20:29,'2023-10-30 12:42:05')
74,Century 21 Atria,,,2023-10-12 11:20:29,'2023-10-30 12:42:05')
75,RBC Capital Markets Realty,brookfieldfinancial.com,,2023-12-02 13:34:44,'2023-10-30 12:42:05')
76,RE/MAX Hallmark A Team,,,2023-10-12 11:20:31,'2023-10-30 12:42:05')
77,RE/MAX Advantage,,,2023-10-12 11:20:31,'2023-10-30 12:42:05')
78,Vanguard Realty Brokerage Corp,vanguardrealty.ca,,2023-12-02 13:34:44,'2023-10-30 12:42:05')
79,Sutton Group Admiral Realty Inc,,,2023-10-12 11:20:31,'2023-10-30 12:42:05')
80,Royal LePage North Heritage Realty,,,2023-10-12 11:20:32,'2023-10-30 12:42:05')
81,Brentcom Realty Corp,,,2023-10-12 11:20:32,'2023-10-30 12:42:05')
82,Realty Advisors Ltd,,,2023-10-12 11:20:33,'2023-10-30 12:42:05')
83,"Avison Young Commercial Real Estate Services, LP",,,2023-10-12 11:20:36,'2023-10-30 12:42:05')
84,Royal LePage Maximum Realty,,,2023-10-12 11:20:36,'2023-10-30 12:42:05')
85,DTZ Barnicke,,,2023-10-12 11:20:52,'2023-10-30 12:42:05')
86,BMO Capital Markets,bmo.com,,2023-12-02 13:34:44,'2023-10-30 12:42:05')
87,CIBC World Markets,cibc.com,,2023-12-02 13:35:00,'2023-10-30 12:42:05')
88,Cushman &amp; Wakefield LePage,tdsecurities.com,,2023-12-02 13:34:46,'2023-10-30 12:42:05')
89,Primecorp Commercial Realty Inc,primecorp.ca,,2023-12-02 13:34:44,'2023-10-30 12:42:05')
90,RBC Capital Markets Real Estate Group,,,2023-10-12 11:20:52,'2023-10-30 12:42:05')
91,BMO Capital Markets Real Estate Inc,bmo.com,,2023-12-02 13:34:44,'2023-10-30 12:42:05')
92,BMO Nesbitt Burns Real Estate Inc,,,2023-10-12 11:20:53,'2023-10-30 12:42:05')
93,Avison Young Commercial Real Estate,avisonyoung.com,,2023-12-02 13:34:44,'2023-10-30 12:42:05')
94,TD Securities,tdsecurities.com,,2023-12-02 13:34:44,'2023-10-30 12:42:05')
95,Brookfield Financial Real Estate Group,starrealestate.com,,2023-12-02 13:42:12,'2023-10-30 12:42:05')
96,jj Barnicke,colliers.com,,2023-12-02 13:34:45,'2023-10-30 12:42:05')
97,RBC Capital Markets,,,2023-10-12 11:20:53,'2023-10-30 12:42:05')
98,BMO Nesbitt Burns Real Estate,,,2023-10-12 11:20:53,'2023-10-30 12:42:05')
99,Ashlar Urban Realty,,,2023-10-12 11:20:53,'2023-10-30 12:42:05')
100,Brascan Financial,,,2023-10-12 11:20:54,'2023-10-30 12:42:05')
101,ProJet Corp Realty,,,2023-10-12 11:20:54,'2023-10-30 12:42:05')
102,CB Commercial,,,2023-10-12 11:20:54,'2023-10-30 12:42:05')
103,Pantalone Realty,,,2023-10-12 11:20:54,'2023-10-30 12:42:05')
104,"Eli Fleischmann, Gary Morassutti, Pat Luca &amp; David Tweedie, 416-842-8900Avison Young Commercial Real Estate",,,2023-10-12 11:20:56,'2023-10-30 12:42:05')
105,BMO Capital Markets Real Estate,bmo.com,,2023-12-02 13:34:46,'2023-10-30 12:42:05')
106,Brookfield Financial Real Estate Group Ltd,brookfieldfinancial.com,,2023-12-02 13:34:45,'2023-10-30 12:42:05')
107,Transfer Realty,,,2023-10-12 11:20:58,'2023-10-30 12:42:05')
108,Re/Max Commercial Focus,,,2023-10-12 11:20:58,'2023-10-30 12:42:05')
109,KPMG Realty,realtor.com,,2023-12-02 13:35:00,'2023-10-30 12:42:05')
110,Coupal Markou Commercial Realty,,,2023-10-12 11:21:00,'2023-10-30 12:42:05')
111,SVN Rock Advisors Inc,,,2023-10-12 11:21:00,'2023-10-30 12:42:05')
112,Commercial Focus Realty,,,2023-10-12 11:21:00,'2023-10-30 12:42:05')
113,ROCK Advisors Inc,,,2023-10-12 11:21:00,'2023-10-30 12:42:05')
114,Cushman &amp; Wakefield Ottawa,brookfieldfinancial.com,,2023-12-02 13:34:46,'2023-10-30 12:42:05')
115,CLV Realty Group,,,2023-10-12 11:21:00,'2023-10-30 12:42:05')
116,Incompro Realty Ltd,,,2023-10-12 11:21:01,'2023-10-30 12:42:05')
117,Coldwell Banker - Peter Benninger Real Estate,coldwellbanker.co.th,,2023-12-02 13:34:45,'2023-10-30 12:42:05')
118,Rock Apartment Advisors,,,2023-10-12 11:21:01,'2023-10-30 12:42:05')
119,DTZ Barnicke Waterloo Wellington Ltd,,,2023-10-12 11:21:01,'2023-10-30 12:42:05')
120,ROCK Apartment Advisors Inc,,,2023-10-12 11:21:01,'2023-10-30 12:42:05')
121,Primecorp Commercial Realty,,,2023-10-12 11:21:01,'2023-10-30 12:42:05')
122,Satco Realty,satco.com,,2023-12-02 13:34:45,'2023-10-30 12:42:05')
123,Property Manager,,,2023-10-12 11:21:02,'2023-10-30 12:42:05')
124,Rentex Realty Inc,homelife.com,,2023-12-02 13:41:56,'2023-10-30 12:42:05')
125,CMLS Realty,brookfieldfinancial.com,,2023-12-02 13:34:46,'2023-10-30 12:42:05')
126,Intercity Realty,intercity.co.nz,,2023-12-02 13:35:00,'2023-10-30 12:42:05')
127,Royal LePage RCR,,,2023-10-12 11:21:33,'2023-10-30 12:42:05')
128,Norman Hill Realty Inc,normanhill.com,,2023-12-02 13:34:45,'2023-10-30 12:42:05')
129,Paracom Real Estate Corp,paracom.ca,,2023-12-02 13:34:45,'2023-10-30 12:42:05')
130,Ashlar Urban Realty Inc,,,2023-10-12 11:21:34,'2023-10-30 12:42:05')
131,City Commercial Realty Group,citycommercialrealty.com,,2023-12-02 13:35:01,'2023-10-30 12:42:05')
132,"Gary Morassutti, David Tweedie &amp; Pat Luca, 416-842-8900 Avison Young",,,2023-10-12 11:21:39,'2023-10-30 12:42:05')
133,Capital North Commercial Realty,capitalnorthrealty.com,,2023-12-02 13:35:01,'2023-10-30 12:42:05')
134,416-842-8900  CIBC World Markets,cibcwm.com,,2023-12-02 13:35:08,'2023-10-30 12:42:05')
135,Royal LePage Kingsbury Realty,,,2023-10-12 11:21:46,'2023-10-30 12:42:05')
136,Steve Kewin &amp; Associates Inc,,,2023-10-12 11:21:50,'2023-10-30 12:42:05')
137,Royal LePage Credit Valley Real Estate,,,2023-10-12 11:21:50,'2023-10-30 12:42:05')
138,RE/MAX Realty Specialists,,,2023-10-12 11:21:50,'2023-10-30 12:42:05')
139,Royal LePage Real Estate Services Ltd,,,2023-10-12 11:21:53,'2023-10-30 12:42:05')
140,Homelife Miracle Realty,,,2023-10-12 11:22:04,'2023-10-30 12:42:05')
141,Brookfield Financial Real Estate,,,2023-10-12 11:22:04,'2023-10-30 12:42:05')
142,Paracom Realty Corp,,,2023-10-12 11:22:05,'2023-10-30 12:42:05')
143,Brookfield Financial,,,2023-10-12 11:22:05,'2023-10-30 12:42:05')
144,Cushman &amp; Wakefield Waterloo Region,,,2023-10-12 11:22:05,'2023-10-30 12:42:05')
145,Source 4 Realty Inc,,,2023-10-12 11:22:11,'2023-10-30 12:42:05')
146,Century 21 President Realty,,,2023-10-12 11:22:32,'2023-10-30 12:42:05')
147,CBRE,cbre.com,,2023-12-02 13:34:46,'2023-10-30 12:42:05')
148,Cushman &amp; Wakefield Kingston,,,2023-10-12 11:22:32,'2023-10-30 12:42:05')
149,Capital Commercial,capitalgrp.ca,,2023-12-02 13:35:01,'2023-10-30 12:42:05')
150,Lee &amp; Associates,cushwake.com,,2023-12-02 13:41:56,'2023-10-30 12:42:05')
151,Blair Blanchard Stapleton,bbsrealty.com,,2023-12-02 13:34:46,'2023-10-30 12:42:05')
152,Bridlepath Progressive Real Estate,,,2023-10-12 11:22:33,'2023-10-30 12:42:05')
153,Coupal Markou Commercial Real Estate Inc,,,2023-10-12 11:22:34,'2023-10-30 12:42:05')
154,Chestnut Park Realty SW,,,2023-10-12 11:22:34,'2023-10-30 12:42:05')
155,Keller Williams,,,2023-10-12 11:22:34,'2023-10-30 12:42:05')
156,Jones Lang LaSalle Real Estate Services Inc,jll.ca,,2023-12-02 13:34:46,'2023-10-30 12:42:05')
157,Indusite Realty,,,2023-10-12 11:22:34,'2023-10-30 12:42:05')
158,CDN Global (Ottawa) Ltd,,,2023-10-12 11:22:34,'2023-10-30 12:42:05')
159,Royal LePage Heartland,,,2023-10-12 11:22:35,'2023-10-30 12:42:05')
160,Spear Realty,spearrealty.net,,2023-12-02 13:34:46,'2023-10-30 12:42:05')
161,The Country Real Estate,,,2023-10-12 11:22:35,'2023-10-30 12:42:05')
162,Family Realty Niagara,,,2023-10-12 11:22:35,'2023-10-30 12:42:05')
163,Century 21 First Canadian Corp,,,2023-10-12 11:22:36,'2023-10-30 12:42:05')
164,Century 21 United Realty,century21.net,,2023-12-02 13:35:01,'2023-10-30 12:42:05')
165,Deerbrook Realty,,,2023-10-12 11:22:36,'2023-10-30 12:42:05')
166,Rexton Commercial,,,2023-10-12 11:22:36,'2023-10-30 12:42:05')
167,Rentex Realty,,,2023-10-12 11:22:36,'2023-10-30 12:42:05')
168,Real World Realty,,,2023-10-12 11:22:36,'2023-10-30 12:42:05')
169,Keller Williams Preferred Realty,kellerwilliamspreferredrealty.com,,2023-12-02 13:34:46,'2023-10-30 12:42:05')
170,Engel &amp; Volkers Collingwood,,,2023-10-12 11:22:36,'2023-10-30 12:42:05')
171,Royal LePage Signature,,,2023-10-12 11:22:36,'2023-10-30 12:42:05')
172,RE/MAX Real Estate Centre,remaxcentre.ca,,2023-12-02 13:34:47,'2023-10-30 12:42:05')
173,AimHome Realty,aimhomerealty.ca,,2023-12-02 13:35:10,'2023-10-30 12:42:05')
174,Royal LePage Triland Realty,royal.io,,2023-12-02 13:35:01,'2023-10-30 12:42:05')
175,Buckingham Realty (Windsor),,,2023-10-12 11:22:37,'2023-10-30 12:42:05')
176,Cresa Toronto Inc,,,2023-10-12 11:22:41,'2023-10-30 12:42:05')
177,Sutton Group Incentive Realty,,,2023-10-12 11:22:41,'2023-10-30 12:42:05')
178,Royal LePage In Touch Realty,,,2023-10-12 11:22:41,'2023-10-30 12:42:05')
179,Nicholson Realty,nicholsonrealty.com,,2023-12-02 13:34:47,'2023-10-30 12:42:05')
180,Peak Realty Ltd,peakrealtyltd.com,,2023-12-02 13:35:11,'2023-10-30 12:42:05')
181,Oakview Capital Inc,theblackburnpropertygroup.com,,2023-12-02 14:02:24,'2023-10-30 12:42:05')
182,Coldwell Banker Sun Realty,coldwellbankermoves.com,,2023-12-02 13:54:55,'2023-10-30 12:42:05')
183,Royal LePage Real Estate Professionals,,,2023-10-12 11:22:42,'2023-10-30 12:42:05')
184,Zinati Realty,,,2023-10-12 11:22:42,'2023-10-30 12:42:05')
185,Koble Commercial,,,2023-10-12 11:22:42,'2023-10-30 12:42:05')
186,Sutton Group Quantum Realty,,,2023-10-12 11:22:42,'2023-10-30 12:42:05')
187,Fairsquare Group Realty,fairsquare.ca,,2023-12-02 13:34:47,'2023-10-30 12:42:05')
188,RE/MAX Centre City,remaxlondon.com,,2023-12-02 13:35:11,'2023-10-30 12:42:05')
189,IPro Realty,iprorealty.com,,2023-12-02 13:35:11,'2023-10-30 12:42:05')
190,Royal LePage Meadowtowne Realty,meadowtownerealty.com,,2023-12-02 13:35:11,'2023-10-30 12:42:05')
191,Bosley Real Estate,bosleyrealestate.com,,2023-12-02 13:34:47,'2023-10-30 12:42:05')
192,RE/MAX Twin City Realty,remaxtwincity.com,,2023-12-02 13:34:47,'2023-10-30 12:42:05')
193,McIntyre Real Estate,mcintyrerealestate.com,,2023-12-02 13:34:47,'2023-10-30 12:42:05')
194,RE/MAX Escarpment,remaxescarpment.com,,2023-12-02 13:34:47,'2023-10-30 12:42:05')
195,Birdhouse Realty,,,2023-10-12 11:22:48,'2023-10-30 12:42:05')
196,Royal LePage RCR Realty,,,2023-10-12 11:22:48,'2023-10-30 12:42:05')
197,Brindley Auction Services,,,2023-10-12 11:22:49,'2023-10-30 12:42:05')
198,Faris Team Real Estate,,,2023-10-12 11:22:49,'2023-10-30 12:42:05')
199,RE/MAX Reliable Realty,,,2023-10-12 11:22:50,'2023-10-30 12:42:05')
200,RE/MAX Connex Realty,,,2023-10-12 11:22:53,'2023-10-30 12:42:05')
201,EXP Realty,exprealty.com,,2023-12-02 13:34:47,'2023-10-30 12:42:05')
202,Coldwell Banker Ronan Realty,coldwellbankerseaside.com,,2023-12-02 13:35:01,'2023-10-30 12:42:05')
203,Stone Castle Realty Group,,,2023-10-12 11:22:59,'2023-10-30 12:42:05')
204,Royal LePage Your Community Realty Inc,,,2023-10-12 11:22:59,'2023-10-30 12:42:05')
205,Culligan Real Estate,culliganrealestate.ca,,2023-12-02 13:34:47,'2023-10-30 12:42:05')
206,RE/MAX a-b Realty,remaxabrealty.ca,,2023-12-02 13:34:47,'2023-10-30 12:42:05')
207,RE/MAX Gold Realty,,,2023-10-12 11:22:59,'2023-10-30 12:42:05')
208,Maven Commercial,,,2023-10-12 11:23:00,'2023-10-30 12:42:05')
209,Homelife Superstars Real Estate,,,2023-10-12 11:23:00,'2023-10-30 12:42:05')
210,Mallette-Goring Inc,,,2023-10-12 11:23:03,'2023-10-30 12:42:05')
211,Royal LePage Commercial,,,2023-10-12 11:23:04,'2023-10-30 12:42:05')
212,Capital North Realty,capitalnorthrealty.com,,2023-12-02 13:34:52,'2023-10-30 12:42:05')
213,Buckingham Realty,,,2023-10-12 11:23:04,'2023-10-30 12:42:05')
214,Homelife Future Realty,homelifefuture.ca,,2023-12-02 13:34:52,'2023-10-30 12:42:05')
215,Cloud Realty Inc,,,2023-10-12 11:23:05,'2023-10-30 12:42:05')
216,RE/MAX West Realty,,,2023-10-12 11:23:05,'2023-10-30 12:42:05')
217,RE/MAX Preferred Realty,,,2023-10-12 11:23:06,'2023-10-30 12:42:05')
218,RE/MAX West Realty Inc,,,2023-10-12 11:23:26,'2023-10-30 12:42:05')
219,Jump Realty,,,2023-10-12 11:23:26,'2023-10-30 12:42:05')
220,Marcus &amp; Millichap,marcusmillichap.com,,2023-12-02 13:34:47,'2023-10-30 12:42:05')
221,Seligman Commercial Real Estate,,,2023-10-12 11:23:27,'2023-10-30 12:42:05')
222,RE/MAX Ultimate,,,2023-10-12 11:23:27,'2023-10-30 12:42:05')
223,Peak Real Estate,kineticrealestate.com,,2023-12-02 13:35:01,'2023-10-30 12:42:05')
224,Ellington Partners,,,2023-10-12 11:23:27,'2023-10-30 12:42:05')
225,Hunterra Real Estate Brokerage,,,2023-10-12 11:23:28,'2023-10-30 12:42:05')
226,Web Max Realty,,,2023-10-12 11:23:28,'2023-10-30 12:42:05')
227,Xoocca,,,2023-10-12 11:23:28,'2023-10-30 12:42:05')
228,Gilbert Realty Inc,,,2023-10-12 11:23:31,'2023-10-30 12:42:05')
229,Forest City Realty Ltd,forestcity.net,,2023-12-02 13:34:48,'2023-10-30 12:42:05')
230,First Choice Realty Ontario Ltd,,,2023-10-12 11:23:31,'2023-10-30 12:42:05')
231,Royal LePage Hiller Realty,,,2023-10-12 11:23:31,'2023-10-30 12:42:05')
232,Keller Williams Innovation Realty,,,2023-10-12 11:23:31,'2023-10-30 12:42:05')
233,Century 21 In-Studio Realty Inc,,,2023-10-12 11:23:32,'2023-10-30 12:42:05')
234,Royal LePage Don Hamilton Real Estate,,,2023-10-12 11:23:32,'2023-10-30 12:42:05')
235,RE/MAX Hallmark Realty Group,,,2023-10-12 11:23:32,'2023-10-30 12:42:05')
236,Sage Real Estate Ltd,sagerealestate.ca,,2023-12-02 13:34:48,'2023-10-30 12:42:05')
237,Royal LePage ProAlliance Realty,,,2023-10-12 11:23:33,'2023-10-30 12:42:05')
238,New Continent Realty,realtor.com,,2023-12-02 13:34:48,'2023-10-30 12:42:05')
239,Chestnut Park Real Estate Ltd,chestnutpark.com,,2023-12-02 13:34:54,'2023-10-30 12:42:05')
240,Bowes &amp; Cocks Ltd,,,2023-10-12 11:23:33,'2023-10-30 12:42:05')
241,Harvey Kalles Real Estate,,,2023-10-12 11:23:33,'2023-10-30 12:42:05')
242,Qube Properties Ltd,dukeproperties.com,,2023-12-02 13:35:01,'2023-10-30 12:42:05')
243,Sutton Group Preferred Realty,suttoncomms.com,,2023-12-02 13:35:01,'2023-10-30 12:42:05')
244,Keller Williams Energy Realty,,,2023-10-12 11:23:34,'2023-10-30 12:42:05')
245,Sutton Group Realty Systems,suttonexperts.com,,2023-12-02 13:35:01,'2023-10-30 12:42:05')
246,Slavins &amp; Associates Real Estate,,,2023-10-12 11:23:34,'2023-10-30 12:42:05')
247,RE/MAX Capital Diamond,,,2023-10-12 11:23:34,'2023-10-30 12:42:05')
248,World Class Realty Point,,,2023-10-12 11:23:34,'2023-10-30 12:42:05')
249,Realinvest Canada,,,2023-10-12 11:23:34,'2023-10-30 12:42:05')
250,Royal LePage Crown Realty,,,2023-10-12 11:23:34,'2023-10-30 12:42:05')
251,Homelife Landmark RH Realty,,,2023-10-12 11:23:34,'2023-10-30 12:42:05')
252,Royal LePage Heritage Realty,,,2023-10-12 11:23:34,'2023-10-30 12:42:05')
253,RE/MAX Hallmark Realty,,,2023-10-12 11:23:34,'2023-10-30 12:42:05')
254,Mincom Kawartha Lakes Realty,,,2023-10-12 11:23:34,'2023-10-30 12:42:05')
255,RE/MAX Premier,remax.net,,2023-12-02 13:34:54,'2023-10-30 12:42:05')
256,Prime Real Estate,primebrokerage.ca,,2023-12-02 13:34:48,'2023-10-30 12:42:05')
257,Realawstate Realty,legacysfhomes.com,,2023-12-02 13:34:48,'2023-10-30 12:42:05')
258,RE/MAX Escarpment Realty,remaxescarpment.com,,2023-12-02 13:34:48,'2023-10-30 12:42:05')
259,McGarr Realty Corp,,,2023-10-12 11:23:35,'2023-10-30 12:42:05')
260,Petrus Realty,,,2023-10-12 11:23:35,'2023-10-30 12:42:05')
261,Investpro Realty,investprorealty.net,,2023-12-02 13:34:55,'2023-10-30 12:42:05')
262,Royal LePage First Contact Realty,,,2023-10-12 11:23:35,'2023-10-30 12:42:05')
263,Keller Williams Legacies Realty,,,2023-10-12 11:23:36,'2023-10-30 12:42:05')
264,Midevco Commercial Realty Corp,,,2023-10-12 11:23:53,'2023-10-30 12:42:05')
265,Manor Windsor Realty,realtor.ca,,2023-12-02 13:34:48,'2023-10-30 12:42:05')
266,Royal LePage Flower City Realty,royal.io,,2023-12-02 13:35:01,'2023-10-30 12:42:05')
267,Northstone Realty Inc,,,2023-10-12 11:23:59,'2023-10-30 12:42:05')
268,Land Services Group Realty,,,2023-10-12 11:23:59,'2023-10-30 12:42:05')
269,Micor Realty Corp,,,2023-10-12 11:24:00,'2023-10-30 12:42:05')
270,Upperside Real Estate,uppersiderealestate.com,,2023-12-02 13:34:55,'2023-10-30 12:42:05')
271,Sutton Group - Security Real Estate,sutton.com,,2023-12-02 13:34:55,'2023-10-30 12:42:05')
272,Century 21 Leading Edge Realty,,,2023-10-12 11:24:29,'2023-10-30 12:42:05')
273,Urban Real Estate Ltd,,,2023-10-12 11:24:29,'2023-10-30 12:42:05')
274,Canadian Commercial Realty,,,2023-10-12 11:24:29,'2023-10-30 12:42:05')
275,Colliers International Niagara,colliers.com,,2023-12-02 13:34:55,'2023-10-30 12:42:05')
276,Royal LePage Supreme,,,2023-10-12 11:24:30,'2023-10-30 12:42:05')
277,Royal LePage Binder,royallepagebinder.com,,2023-12-02 13:34:48,'2023-10-30 12:42:05')
278,AMDirect Real Estate Services,,,2023-10-12 11:24:30,'2023-10-30 12:42:05')
279,RE/MAX Ultimate Realty,carolaustin.com,,2023-12-02 13:34:48,'2023-10-30 12:42:05')
280,Synercapital,synercapital.ca,,2023-12-02 13:34:56,'2023-10-30 12:42:05')
281,Tom Jones &amp; Sons Ltd,,,2023-10-12 11:24:35,'2023-10-30 12:42:05')
282,Mallette-Goring Real Estate,,,2023-10-12 11:24:35,'2023-10-30 12:42:05')
283,Homelife Superstars,,,2023-10-12 11:24:35,'2023-10-30 12:42:05')
284,Chi Real Estate,,,2023-10-12 11:24:35,'2023-10-30 12:42:05')
285,Royal Star Realty,,,2023-10-12 11:24:35,'2023-10-30 12:42:05')
286,RE/MAX Hallmark Chay Realty,,,2023-10-12 11:24:47,'2023-10-30 12:42:05')
287,Creiland Consultants Realty,,,2023-10-12 11:24:47,'2023-10-30 12:42:05')
288,Nordale Realty &amp; Associates,,,2023-10-12 11:24:47,'2023-10-30 12:42:05')
289,Ellington Partners Corporate Real Estate Advisors,,,2023-10-12 11:24:51,'2023-10-30 12:42:05')
290,Homelife New World Realty Inc,homelifenewworld.com,,2023-12-02 13:34:56,'2023-10-30 12:42:05')
291,Indusite Realty Corporation,,,2023-10-12 11:24:51,'2023-10-30 12:42:05')
292,Colliers,colliers.com,,2023-12-02 13:35:01,'2023-10-30 12:42:05')
293,Avison Young Commercial Real Estate Services,,,2023-10-12 11:24:52,'2023-10-30 12:42:05')
294,Rogers &amp; Trainor Commercial Realty,,,2023-10-12 11:24:54,'2023-10-30 12:42:05')
295,CBRE Windsor,,,2023-10-12 11:24:55,'2023-10-30 12:42:05')
296,Whitney Commercial Real Estate Services,,,2023-10-12 11:24:55,'2023-10-30 12:42:05')
297,Royal LePage Terrequity,terrequity.com,,2023-12-02 13:35:01,'2023-10-30 12:42:05')
298,Links Realty,,,2023-10-12 11:24:56,'2023-10-30 12:42:05')
299,Century 21 Explorer Realty,,,2023-10-12 11:24:56,'2023-10-30 12:42:05')
300,"RE/MAX Real Estate Centre, Sanjiv Khanna, 647-502-6375 CPM Realty Corp",,,2023-10-12 11:24:56,'2023-10-30 12:42:05')
301,Landpower Real Estate,landpower.ca,,2023-12-02 13:35:01,'2023-10-30 12:42:05')
302,Coldwell Banker Peter Benninger Realty,coldwellbanker.co.th,,2023-12-02 13:35:01,'2023-10-30 12:42:05')
303,Realty Executives Local Group,realtyexecutivesnorthbay.com,,2023-12-02 13:34:48,'2023-10-30 12:42:05')
304,Metropolitan Commercial Realty,metcomrealty.com,,2023-12-02 13:34:57,'2023-10-30 12:42:05')
305,Commercial Focus Realty Inc,cfrealty.ca,,2023-12-02 13:34:57,'2023-10-30 12:42:05')
306,"Mitchell Chang, Lorenzo DiGianfelice &amp; Jake Ringwald, 416-907-8282   Bosley Real Estate Ltd",,,2023-10-12 11:25:10,'2023-10-30 12:42:05')
307,Deerbrook Realty Inc,,,2023-10-12 11:25:11,'2023-10-30 12:42:05')
308,Reed Realty Inc,,,2023-10-12 11:25:13,'2023-10-30 12:42:05')
309,Century 21 Leading Edge Realty Inc,,,2023-10-12 11:25:57,'2023-10-30 12:42:05')
310,CMA Realty Ltd,cmarealty.ca,,2023-12-02 13:34:57,'2023-10-30 12:42:05')
311,Avison Young Real Estate Services,,,2023-10-12 11:25:58,'2023-10-30 12:42:05')
312,Kolt Keller Williams Real Estate Associates,,,2023-10-12 11:25:59,'2023-10-30 12:42:05')
313,Erie&#039;s Edge Real Estate Ltd,,,2023-10-12 11:27:09,'2023-10-30 12:42:05')
314,Spear Realty Inc,spearrealty.net,,2023-12-02 13:34:49,'2023-10-30 12:42:05')
315,Maven Commercial Real Estate,,,2023-10-12 11:27:10,'2023-10-30 12:42:05')
316,CBRE Limited,cbre.com,,2023-12-02 13:34:58,'2023-10-30 12:42:05')
317,Royal LePage Real Estate Services Inc,,,2023-10-12 11:27:27,'2023-10-30 12:42:05')
318,Bay Street Group Inc,,,2023-10-12 11:27:27,'2023-10-30 12:42:05')
319,Royal LePage Elite Realty,,,2023-10-12 11:27:27,'2023-10-30 12:42:05')
320,Jones Lang Lasalle Real Estate Services,jll.ca,,2023-12-02 13:34:58,'2023-10-30 12:42:05')
321,Real Broker Ontario Ltd,,,2023-10-12 11:27:31,'2023-10-30 12:42:05')
322,Sotheby&#039;s International Realty,,,2023-10-12 11:27:32,'2023-10-30 12:42:05')
323,RE/MAX Rise Executives,,,2023-10-12 11:27:32,'2023-10-30 12:42:05')
324,Armani &amp; Associates,,,2023-10-12 11:27:32,'2023-10-30 12:42:05')
325,Our Neighbourhood Realty Inc,,,2023-10-12 11:27:33,'2023-10-30 12:42:05')
326,Ally Commercial R.E. Inc,,,2023-10-12 11:27:33,'2023-10-30 12:42:05')
327,RE/MAX Crown Realty Inc,,,2023-10-12 11:27:33,'2023-10-30 12:42:05')
328,"Coupal Markou Commercial Real Estate: Christopher Coupal &amp; John Markou, 519-742-7000Cushman &amp; Wakefield Waterloo Region Ltd",,,2023-10-12 11:27:33,'2023-10-30 12:42:05')
329,Anzar Group Inc,,,2023-10-12 11:27:34,'2023-10-30 12:42:05')
330,Coldwell Banker Thompson Real Estate,,,2023-10-12 11:27:34,'2023-10-30 12:42:05')
331,Mysak Realty,mysakrealty.com,,2023-12-02 13:34:58,'2023-10-30 12:42:05')
332,Marcus &amp; Millichap Real Estate Investment Services,,,2023-10-12 11:27:35,'2023-10-30 12:42:05')
333,Sutton Group Heritage Realty Inc,,,2023-10-12 11:27:35,'2023-10-30 12:42:05')
334,"Harrison Livermore &amp; Chris Daly, 905-712-2100RE/MAX Premier Inc",,,2023-10-12 11:28:19,'2023-10-30 12:42:05')
335,Master&#039;s Choice Realty Inc,,,2023-10-12 11:28:19,'2023-10-30 12:42:05')
336,JUMP Realty Inc,,,2023-10-12 11:28:19,'2023-10-30 12:42:05')
337,RE/MAX Capital Diamond Realty,remax.com.ec,,2023-12-02 13:44:41,'2023-10-30 12:42:05')
338,RE/MAX Gold Realty Inc,,,2023-10-12 11:28:35,'2023-10-30 12:42:05')
339,Cooper &amp; Company Real Estate,,,2023-10-12 11:28:53,'2023-10-30 12:42:05')
340,"Jones Lang LaSalle Real Estate Services, Inc",,,2023-10-12 11:28:53,'2023-10-30 12:42:05')
341,Living Realty,,,2023-10-12 11:28:57,'2023-10-30 12:42:05')
342,Incompro Realty,incompro.ca,,2023-12-02 13:34:58,'2023-10-30 12:42:05')
343,Colliers Hotels,,,2023-10-12 11:29:16,'2023-10-30 12:42:05')
344,Cushman &amp; Wakefield Commercial Real Estate Services Inc,,,2023-10-12 11:29:16,'2023-10-30 12:42:05')
345,Colliers International Inc,,,2023-10-12 11:29:17,'2023-10-30 12:42:05')
346,JCD Commercial Realty,jcdrealtyinc.com,,2023-12-02 13:34:58,'2023-10-30 12:42:05')
347,StreetCity Realty Inc,,,2023-10-12 11:29:23,'2023-10-30 12:42:05')
348,Ellington Corporate Real Estate Advisors,,,2023-10-12 11:29:25,'2023-10-30 12:42:05')
349,Coldwell Banker Commercial Peter Benninger Realty,coldwellbanker.co.th,,2023-12-02 13:44:41,'2023-10-30 12:42:05')
350,Lee &amp; Associates Commercial Real Estate Services,,,2023-10-12 11:29:26,'2023-10-30 12:42:05')
351,Blair Blanchard Stapleton Ltd,bbsrealty.com,,2023-12-02 13:34:49,'2023-10-30 12:42:05')
352,RE/MAX,,,2023-10-12 11:29:32,'2023-10-30 12:42:05')
353,DW Gould Realty Advisors Inc,,,2023-10-12 11:29:33,'2023-10-30 12:42:05')
354,RE/MAX Realtron Realty Inc,,,2023-10-12 11:29:33,'2023-10-30 12:42:05')
355,Century 21 Green Realty,,,2023-10-12 11:29:47,'2023-10-30 12:42:05')
356,RE/MAX All-Stars Realty,,,2023-10-12 11:29:48,'2023-10-30 12:42:05')
357,M Commercial Realty,,,2023-10-12 11:29:57,'2023-10-30 12:42:05')
358,Royal LePage Team Realty,,,2023-10-12 11:29:58,'2023-10-30 12:42:05')
359,Coldwell Banker Commercial Integrity,,,2023-10-12 11:29:58,'2023-10-30 12:42:05')
360,Encore Advisors,,,2023-10-12 11:30:00,'2023-10-30 12:42:05')
361,Vanguard Realty Brokerage Corp.,vanguardrealty.ca,,2023-12-02 13:35:00,'2023-10-30 12:42:05')
362,Redwater Capital Realty Inc,,,2023-10-12 11:30:24,'2023-10-30 12:42:05')
363,Moffat Dunlap Real Estate,,,2023-10-12 11:30:27,'2023-10-30 12:42:05')
364,Sotheby&#039;s International,,,2023-10-12 11:30:27,'2023-10-30 12:42:05')
365,Keller Williams Legacies Realty Inc,,,2023-10-12 11:30:30,'2023-10-30 12:42:05')
366,RE/MAX Real Estate Centre Team Arora Realty,,,2023-10-12 11:30:42,'2023-10-30 12:42:05')
367,BRE Ltd,,,2023-10-21 22:15:35,'2023-10-30 12:42:05')
368,Royal LePage United Realty,,,2023-10-21 22:15:56,'2023-10-30 12:42:05')
369,Demone Realty Group Inc.,,,2023-10-23 20:25:54,'2023-10-30 12:42:05')
370,Savills,savills.com,,2023-12-02 13:41:56,'2023-10-30 12:42:05')
371,Royal Lepage Terriquity Brokerage,,,2023-10-23 20:25:55,'2023-10-30 12:42:05')
372,Rouse Realty Advisors,,,2023-10-23 20:25:56,'2023-10-30 12:42:05')
373,Mer/Ax Realty Inc,,,2023-10-23 20:27:01,'2023-10-30 12:42:05')
374,B &amp; M Losier Realty,,,2023-10-23 20:27:01,'2023-10-30 12:42:05')
375,Royal LePage State Realty,royallepagestate.ca,,2023-12-02 13:41:50,'2023-10-30 12:42:05')
376,Savills Canada,,,2023-10-23 20:27:02,'2023-10-30 12:42:05')
377,Alpha Omega Realty,,,2023-10-23 20:27:31,'2023-10-30 12:42:05')
378,Homelife New World Central Realty,,,2023-10-23 20:27:32,'2023-10-30 12:42:05')
379,RE/MAX Hallmark York Group,,,2023-10-23 20:27:33,'2023-10-30 12:42:05')
380,Acres Real Estate,acresrealestate.com,,2024-04-16 14:52:12,'2023-10-30 12:42:05')
381,Ambitious Realty Advisors,,,2023-10-23 20:28:01,'2023-10-30 12:42:05')
382,Century 21 Smartway,,,2023-10-23 20:28:01,'2023-10-30 12:42:05')
383,Royal Heritage Realty Ltd,,,2023-10-23 20:28:02,'2023-10-30 12:42:05')
384,Triple Net Realty Inc,nnnrealty.ca,,2023-12-02 13:41:50,'2023-10-30 12:42:05')
385,Homelife Miracle,,,2023-10-23 20:28:02,'2023-10-30 12:42:05')
386,Aimhome Realty Inc,,,2023-10-23 20:28:02,'2023-10-30 12:42:05')
387,Trinihill Realty Corp,,,2023-10-23 20:28:03,'2023-10-30 12:42:05')
388,Accretive Realty Partners,,,2023-10-23 20:28:03,'2023-10-30 12:42:05')
389,David Lang Real Estate,,,2023-10-23 20:28:03,'2023-10-30 12:42:05')
390,Royal LePage Royal City Realty,,,2023-10-23 20:28:04,'2023-10-30 12:42:05')
391,Brixton Commercial Realty,,,2023-10-23 20:29:50,'2023-10-30 12:42:05')
392,Royal LePage Realty Centre,,,2023-10-23 20:29:50,'2023-10-30 12:42:05')
393,HomeLife Broadway Realty,,,2023-10-23 20:29:50,'2023-10-30 12:42:05')
394,Prime Commercial Real Estate,primeidaho.com,,2023-12-02 13:41:50,'2023-10-30 12:42:05')
395,Homelife Best Choice Realty,thebestchoicerealty.com,,2023-12-02 13:41:57,'2023-10-30 12:42:05')
396,NAI Park Capital,,,2023-10-23 20:29:52,'2023-10-30 12:42:05')
397,Coldwell Banker Sarazen Realty,,,2023-10-23 20:29:52,'2023-10-30 12:42:05')
398,RE/MAX Professionals,,,2023-10-23 20:29:52,'2023-10-30 12:42:05')
399,DW Gould Realty Advisors,,,2023-10-23 20:29:52,'2023-10-30 12:42:05')
400,Save Max First Choice Real Estate,,,2023-10-23 20:29:52,'2023-10-30 12:42:05')
401,Matteis Realty,,,2023-10-23 20:29:52,'2023-10-30 12:42:05')
402,RE/MAX Legacy Realty,,,2023-10-24 14:27:33,'2023-10-30 12:42:05')
403,Spectrum Realty,,,2023-10-24 14:27:33,'2023-10-30 12:42:05')
404,"CB Richard Ellis: Frank Protomanni &amp; Fraser McKenna, 416-494-0600Colliers International",,,2023-10-24 14:27:33,'2023-10-30 12:42:05')
405,Heilbut Commercial Realty,,,2023-10-24 14:27:34,'2023-10-30 12:42:05')
406,RE/MAX Premier Realty,,,2023-10-24 14:27:56,'2023-10-30 12:42:05')
407,Cresa Capital Partners,dtz.com,,2023-12-02 13:41:57,'2023-10-30 12:42:05')
408,Homelife Cholkan Realty,,,2023-10-24 14:27:57,'2023-10-30 12:42:05')
409,DTZ,,,2023-10-24 14:27:58,'2023-10-30 12:42:05')
410,Ed Lowe Real Estate Inc,,,2023-10-24 14:27:58,'2023-10-30 12:42:05')
411,Atlantis Realty Services,atlantisrealty.com,,2023-12-02 13:41:57,'2023-10-30 12:42:05')
412,HomeLife/Vision Realty Inc,,,2023-10-24 14:28:20,'2023-10-30 12:42:05')
413,Stonecastle Realty Group,,,2023-10-24 14:28:20,'2023-10-30 12:42:05')
414,Triple Net Realty,,,2023-10-24 14:28:21,'2023-10-30 12:42:05')
415,Avison Young Multi-Residential Group,,,2023-10-24 14:28:40,'2023-10-30 12:42:05')
416,Coldwell Banker Integrity Realty,cbintegrity.com,,2023-12-02 13:41:51,'2023-10-30 12:42:05')
417,The Behar Group,thebehargroup.com,,2023-12-02 13:41:51,'2023-10-30 12:42:05')
418,Koble Commercial Real Estate &amp; Brokerage,,,2023-10-24 14:28:41,'2023-10-30 12:42:05')
419,RE/MAX Premier Inc,,,2023-10-24 14:28:41,'2023-10-30 12:42:05')
420,Paul Martin &amp; Company Ltd,,,2023-10-24 14:28:41,'2023-10-30 12:42:05')
421,MJ Lawson Real Estate,,,2023-10-24 14:28:42,'2023-10-30 12:42:05')
422,"Blair Blanchard Stapleton: Kevin McAleese &amp; Rod Wright, 905-634-4567Colliers International",,,2023-10-24 14:29:06,'2023-10-30 12:42:05')
423,Pantalone Realty Corporation Ltd,,,2023-10-24 14:29:06,'2023-10-30 12:42:05')
424,Avsion Young,avisonyoung.com,,2023-12-02 13:41:57,'2023-10-30 12:42:05')
425,Laceby Estate,,,2023-10-24 14:29:07,'2023-10-30 12:42:05')
426,Metropolitan Commercial Realty Inc,metcomrealty.com,,2023-12-02 13:35:01,'2023-10-30 12:42:05')
427,Century 21 President Realty Inc,,,2023-10-24 14:29:08,'2023-10-30 12:42:05')
428,PRO/COM Realty Corp,,,2023-10-24 14:29:08,'2023-10-30 12:42:05')
429,NAI Commercial,,,2023-10-24 14:29:08,'2023-10-30 12:42:05')
430,Cushman and Wakefield Ltd,cushwake.com,,2023-12-02 13:41:52,'2023-10-30 12:42:05')
431,Thomas L Johnson Realty,,,2023-10-24 14:29:08,'2023-10-30 12:42:05')
432,"Matt Picken, Brian Bastable, Nicholas Kendrew &amp; Tony Sandhu, 416-956-5200Avison Young",,,2023-10-24 14:30:26,'2023-10-30 12:42:05')
433,Compass Commercial Realty,,,2023-10-24 14:30:26,'2023-10-30 12:42:05')
434,Facilities Commercial Realty,,,2023-10-24 14:30:27,'2023-10-30 12:42:05')
435,The Behar Group Realty Inc,,,2023-10-24 14:30:27,'2023-10-30 12:42:05')
436,CB,,,2023-10-26 13:31:06,'2023-10-30 12:42:05')
437,District Realty Corp,,,2023-10-26 13:31:07,'2023-10-30 12:42:05')
438,Homelife 5 Star Realty,homelifeus.com,,2023-12-02 13:41:53,'2023-10-30 12:42:05')
439,Global Realty Partners,,,2023-10-26 13:31:07,'2023-10-30 12:42:05')
440,Sherwood Realty Group Inc,,,2023-10-26 13:31:08,'2023-10-30 12:42:05')
441,Homelife Premium One Realty Group,,,2023-10-26 13:31:08,'2023-10-30 12:42:05')
442,Homelife/Premium One Realty,,,2023-10-26 13:31:08,'2023-10-30 12:42:05')
443,Keller Williams Referred Realty,kellerwilliamspreferredrealty.com,,2023-12-02 13:41:57,'2023-10-30 12:42:05')
444,Nucorp Realty,,,2023-10-26 13:31:09,'2023-10-30 12:42:05')
445,P.G. Gagne Commercial Real Estate,,,2023-10-26 13:31:09,'2023-10-30 12:42:05')
446,RE/MAX Professionals Inc,,,2023-10-26 13:31:09,'2023-10-30 12:42:05')
447,Century 21 Kings Quay,,,2023-10-26 13:31:09,'2023-10-30 12:42:05')
448,Prosperity Land Realty,,,2023-10-26 13:31:09,'2023-10-30 12:42:05')
449,Green Realty,,,2023-10-26 13:31:10,'2023-10-30 12:42:05')
450,Nucorp Reality,,,2023-10-26 13:31:10,'2023-10-30 12:42:05')
451,Royal LePage,,,2023-10-26 13:31:11,'2023-10-30 12:42:05')
452,Sutton Group - Heritage Realty,sutton.com,,2023-12-02 13:41:57,'2023-10-30 12:42:05')
453,Stonebank Apartment Experts,locandro.com.au,,2023-12-02 13:41:57,'2023-10-30 12:42:05')
454,Skyview Realty,,,2023-10-26 13:31:39,'2023-10-30 12:42:05')
455,Skyview Realty Ltd,,,2023-10-26 13:31:39,'2023-10-30 12:42:05')
456,Ambitious Realty Advisors Inc,,,2023-10-26 13:31:39,'2023-10-30 12:42:05')
457,Harvey Kalles Real Estate Ltd,,,2023-10-26 13:31:39,'2023-10-30 12:42:05')
458,Coldwell Banker First Ottawa,firstottawarealty.com,,2023-12-02 13:41:57,'2023-10-30 12:42:05')
459,Royal LePage Action Realty,,,2023-10-26 19:27:24,'2023-10-30 12:42:05')
460,Milborne Real Estate,,,2023-10-26 19:27:49,'2023-10-30 12:42:05')
461,IPA Marcus &amp; Millichap,,,2023-10-26 19:27:50,'2023-10-30 12:42:05')
462,Lee &amp; Associates Realty,,,2023-10-26 19:27:51,'2023-10-30 12:42:05')
463,Sutton Group - Ottawa Realty,,,2023-10-26 19:27:51,'2023-10-30 12:42:05')
464,Decathalon Commercial Realty Corp,,,2023-10-26 19:27:52,'2023-10-30 12:42:05')
465,Revel Realty,,,2023-10-26 19:27:52,'2023-10-30 12:42:05')
466,Century 21 Insight Realty,,,2023-10-26 19:28:10,'2023-10-30 12:42:05')
467,Royal LePage Baird Real Estate,,,2023-10-26 19:28:10,'2023-10-30 12:42:05')
468,Cantor Realty Corp,,,2023-10-26 19:28:11,'2023-10-30 12:42:05')
469,Rivergate Realty,,,2023-10-26 19:28:11,'2023-10-30 12:42:05')
470,RE/MAX Hallmark,,,2023-10-26 19:28:12,'2023-10-30 12:42:05')
471,RE/MAX Twin City,,,2023-10-26 19:28:12,'2023-10-30 12:42:05')
472,Azcom Commercial Real Estate,,,2023-10-26 19:28:12,'2023-10-30 12:42:05')
473,Royal LePage Binder Real Estate,royallepagebinder.com,,2023-12-02 13:41:57,'2023-10-30 12:42:05')
474,Peak Realty,,,2023-10-26 19:28:13,'2023-10-30 12:42:05')
475,Sutton Group Security,,,2023-10-26 19:28:13,'2023-10-30 12:42:05')
476,RE/MAX Realtron,,,2023-10-26 19:28:13,'2023-10-30 12:42:05')
477,Royal LePage Macro Realty,royallepagemacro.ca,,2023-12-02 13:41:55,'2023-10-30 12:42:05')
478,RE/MAX Noblecorp,,,2023-10-26 19:28:14,'2023-10-30 12:42:05')
479,The Behar Group Realty,,,2023-10-26 19:28:14,'2023-10-30 12:42:05')
480,CLV Realty Corporation,,,2023-10-27 15:28:54,'2023-10-30 12:42:05')
481,Sutton Group - Select Realty Inc,,,2023-10-27 15:28:55,'2023-10-30 12:42:05')
482,Homelife/GTA Realty,,,2023-10-27 15:30:28,'2023-10-30 12:42:05')
483,Sutton Group - First Choice Realty,,,2023-10-27 15:33:35,'2023-10-30 12:42:05')
484,RE/MAX Realtron Realty,,,2023-10-27 15:33:35,'2023-10-30 12:42:05')
485,Sutton Group - Admiral Realty,,,2023-10-27 15:33:36,'2023-10-30 12:42:05')
486,Pointmark Real Estate Ltd,,,2023-10-29 16:27:48,'2023-10-30 12:42:05')
487,Shorn Realty Inc,locandro.com.au,,2023-12-02 13:41:57,'2023-10-30 12:42:05')
488,Cambridge Mercantile Realty,,,2023-10-29 16:27:49,'2023-10-30 12:42:05')
489,Sutton Group Admiral Realty,,,2023-10-29 16:29:05,'2023-10-30 12:42:05')
490,Sutton West Realty,,,2023-10-29 16:29:05,'2023-10-30 12:42:05')
491,Goudy Real Estate,goudyrealestatecorp.com,,2023-12-02 13:41:57,'2023-10-30 12:42:05')
492,Brixton Commercial Real Estate Corp,,,2023-10-29 16:29:26,'2023-10-30 12:42:05')
493,RE/MAX Unique Inc,,,2023-10-29 16:29:49,'2023-10-30 12:42:05')
494,Synercapital Real Estate Investment,,,2023-10-29 16:29:49,'2023-10-30 12:42:05')
495,Canada Group,,,2023-10-29 16:55:01,'2023-10-30 12:42:05')
496,Realcor,,,2023-10-29 16:55:01,'2023-10-30 12:42:05')
497,RE/MAX Commercial Focus Inc,,,2023-10-29 16:55:56,'2023-10-30 12:42:05')
498,Ed Lowe Real Estate,,,2023-10-29 16:56:12,'2023-10-30 12:42:05')
499,Sutton Group - Bayview Realty,,,2023-10-29 16:56:12,'2023-10-30 12:42:05')
500,Coldwell Banker Peter Benninger Real Estate,,,2023-10-29 16:56:30,'2023-10-30 12:42:05')
501,Keller Williams Golden Triangle Realty,,,2023-10-29 16:56:30,'2023-10-30 12:42:05')
502,The Apartment Specialists,locandro.com.au,,2023-12-02 13:41:57,'2023-10-30 12:42:05')
503,CLV Group,,,2023-10-29 16:56:58,'2023-10-30 12:42:05')
504,Avison Young National Apartment Team,,,2023-10-29 16:57:00,'2023-10-30 12:42:05')
505,Par-Med Realty,,,2023-10-29 16:57:15,'2023-10-30 12:42:05')
506,Coldwell Banker - Peter Benninger Realty,coldwellbanker.co.th,,2023-12-02 13:41:57,'2023-10-30 12:42:05')
507,Icon1 Realty Services Inc,,,2023-10-29 16:57:19,'2023-10-30 12:42:05')
508,Coldwell Banker Innovators Realty,,,2023-10-31 21:04:12,'2023-10-31 21:04:12')
509,Royal LePage Grand Valley Realty,,,2023-11-01 16:28:55,'2023-11-01 16:28:55')
510,GFA Realty,,,2023-11-01 16:28:56,'2023-11-01 16:28:56')
511,Wincorp Realty Inc,,,2023-11-01 16:28:56,'2023-11-01 16:28:56')
512,Chestnut Park West,,,2023-11-01 16:28:56,'2023-11-01 16:28:56')
513,Century 21 Leading Edge,,,2023-11-01 16:28:56,'2023-11-01 16:28:56')
514,Petrus Commercial Realty Corp,,,2023-11-01 16:28:56,'2023-11-01 16:28:56')
515,Hazelton Real Estate Inc,,,2023-11-01 16:28:56,'2023-11-01 16:28:56')
516,Royal LePage Commercial Westhaven,,,2023-11-01 16:28:57,'2023-11-01 16:28:57')
517,RE/MAX Jazz Inc,,,2023-11-01 16:28:57,'2023-11-01 16:28:57')
518,Homelife Landmark Realty,,,2023-11-01 16:28:57,'2023-11-01 16:28:57')
519,RE/MAX In The Hills,,,2023-11-01 16:28:57,'2023-11-01 16:28:57')
520,Sutton Group - Associates Realty Inc,,,2023-11-01 16:28:57,'2023-11-01 16:28:57')
521,Coldwell Banker Sarazen,,,2023-11-01 16:28:57,'2023-11-01 16:28:57')
522,The Vancor Group,,,2023-11-01 16:28:57,'2023-11-01 16:28:57')
523,RE/MAX Paramount Realty,,,2023-11-01 16:28:58,'2023-11-01 16:28:58')
524,Royal Canadian Realty,,,2023-11-01 16:28:58,'2023-11-01 16:28:58')
525,RE/MAX Hallmark Group,,,2023-11-01 16:28:58,'2023-11-01 16:28:58')
526,RE/MAX Gold,,,2023-11-01 16:28:58,'2023-11-01 16:28:58')
527,RE/MAX Affiliates Realty,,,2023-11-01 16:30:16,'2023-11-01 16:30:16')
528,Homelife Power Realty,,,2023-11-01 16:30:43,'2023-11-01 16:30:43')
529,RE/MAX Niagara Realty,,,2023-11-01 16:30:43,'2023-11-01 16:30:43')
530,Royal LePage Your Community,,,2023-11-01 16:30:43,'2023-11-01 16:30:43')
531,Savills Inc,,,2023-11-01 16:30:44,'2023-11-01 16:30:44')
532,Guaranteed Real Estate Services Inc,,,2023-11-01 16:30:44,'2023-11-01 16:30:44')
533,Coldwell Banker Southwest Realty,,,2023-11-01 16:30:44,'2023-11-01 16:30:44')
534,LC Platinum Realty,,,2023-11-01 16:30:45,'2023-11-01 16:30:45')
535,Century 21 First Canadian,,,2023-11-01 16:30:45,'2023-11-01 16:30:45')
536,Cosmopolitan Realty,,,2023-11-01 16:30:45,'2023-11-01 16:30:45')
537,City Commercial Realty,,,2023-11-01 16:30:45,'2023-11-01 16:30:45')
538,Homelife Professional Realty,,,2023-11-01 16:30:45,'2023-11-01 16:30:45')
539,Sutton Group Heritage,,,2023-11-01 16:30:45,'2023-11-01 16:30:45')
540,Keller Williams Portfolio,,,2023-11-01 16:30:45,'2023-11-01 16:30:45')
541,Sam McDadi Real Estate,,,2023-11-01 16:30:46,'2023-11-01 16:30:46')
542,Sutton Group Wallace Taylor Realty,,,2023-11-01 16:30:46,'2023-11-01 16:30:46')
543,Sutton Group Heritage Realty,,,2023-11-01 16:30:47,'2023-11-01 16:30:47')
544,RE/MAX Orillia (1996),,,2023-11-01 16:30:47,'2023-11-01 16:30:47')
545,Keller Williams Signature Realty,,,2023-11-01 16:30:47,'2023-11-01 16:30:47')
546,RE/MAX Quinte Ltd,,,2023-11-01 16:30:47,'2023-11-01 16:30:47')
547,Royal LePage Burloak,,,2023-11-01 16:30:47,'2023-11-01 16:30:47')
548,Cushman &amp; Wakefield Kingston Ltd,,,2023-11-01 16:30:47,'2023-11-01 16:30:47')
549,Forest Hill Real Estate,,,2023-11-01 16:30:48,'2023-11-01 16:30:48')
550,RE/MAX Excel Realty Ltd,,,2023-11-01 16:31:12,'2023-11-01 16:31:12')
551,TrilliumWest Real Estate,,,2023-11-01 16:31:34,'2023-11-01 16:31:34')
552,Catalyst Real Estate Brokerage,,,2023-11-01 16:31:34,'2023-11-01 16:31:34')
553,James Power Real Estate Inc,,,2023-11-01 16:31:35,'2023-11-01 16:31:35')
554,Realty Executives of Sudbury Ltd,,,2023-11-01 16:31:35,'2023-11-01 16:31:35')
555,Royal LePage NRC Realty,,,2023-11-01 16:31:35,'2023-11-01 16:31:35')
556,McCarroll Real Estate Team,,,2023-11-01 16:31:35,'2023-11-01 16:31:35')
557,Royal LePage Supreme Realty,,,2023-11-01 19:36:44,'2023-11-01 19:36:44')
558,Sutton Group-Associates Realty Inc,,,2023-11-01 19:36:44,'2023-11-01 19:36:44')
559,Intercity Realty Inc,,,2023-11-01 19:36:44,'2023-11-01 19:36:44')
560,Cityscape Real Estate Ltd,,,2023-11-01 19:36:44,'2023-11-01 19:36:44')
561,Royal LePage New Concept,,,2023-11-01 19:36:45,'2023-11-01 19:36:45')
562,Homelife Maple Leaf Realty,,,2023-11-01 19:36:45,'2023-11-01 19:36:45')
563,Urban Avenue Realty,,,2023-11-01 19:36:45,'2023-11-01 19:36:45')
564,Keller Williams Signature,,,2023-11-01 19:36:46,'2023-11-01 19:36:46')
565,TD Cornerstone,,,2023-11-01 19:36:46,'2023-11-01 19:36:46')
566,Sutton Group - Masters Realty,sutton.com,,2023-12-02 13:42:11,'2023-11-02 17:54:46')
567,Sutton Group - Associates Realty,,,2023-11-02 17:54:46,'2023-11-02 17:54:46')
568,Coldwell Banker Real Estate Centre,,,2023-11-02 17:54:46,'2023-11-02 17:54:46')
569,RE/MAX Lakeshore Realty,,,2023-11-02 17:54:46,'2023-11-02 17:54:46')
570,"Brent Rudell &amp; Andrew Johnson, 519-438-5608 Sutton Group Preferred Realty",,,2023-11-02 17:54:47,'2023-11-02 17:54:47')
571,Go West Realty,,,2023-11-02 17:54:47,'2023-11-02 17:54:47')
572,Sutton Group Masters Realty,,,2023-11-02 17:54:47,'2023-11-02 17:54:47')
573,Synercapital Investment Realty,,,2023-11-02 17:54:48,'2023-11-02 17:54:48')
574,Sutton Group Elite Realty,,,2023-11-02 17:54:48,'2023-11-02 17:54:48')
575,Masterson Realty,,,2023-11-02 17:54:48,'2023-11-02 17:54:48')
576,Ekort Realty Ltd,ekortrealty.com,,2023-12-02 13:42:05,'2023-11-02 17:54:48')
577,RE/MAX Champions Realty,remax.com,,2023-12-02 13:42:11,'2023-11-02 17:54:49')
578,Royal LePage Estate Realty,,,2023-11-02 17:54:50,'2023-11-02 17:54:50')
579,Rock Star Real Estate,,,2023-11-02 17:54:50,'2023-11-02 17:54:50')
580,Sutton Group - Innovative Realty,,,2023-11-02 17:54:50,'2023-11-02 17:54:50')
581,Sutton Group - Associated Realty,,,2023-11-02 17:54:50,'2023-11-02 17:54:50')
582,Century 21 Regal Realty,,,2023-11-02 17:54:50,'2023-11-02 17:54:50')
583,Keller Williams Integrity Realty,,,2023-11-02 17:54:50,'2023-11-02 17:54:50')
584,U Realty Group,,,2023-11-02 17:54:51,'2023-11-02 17:54:51')
585,District Commercial Corp,,,2023-11-02 17:54:51,'2023-11-02 17:54:51')
586,StreetCity Realty,,,2023-11-02 17:54:51,'2023-11-02 17:54:51')
587,Royal LePage Performance Realty,,,2023-11-02 17:54:51,'2023-11-02 17:54:51')
588,CPM Realty,,,2023-11-02 17:54:51,'2023-11-02 17:54:51')
589,Keller Williams Advantage Realty,,,2023-11-02 17:54:52,'2023-11-02 17:54:52')
590,Century 21 Innovative Realty,,,2023-11-02 17:54:52,'2023-11-02 17:54:52')
591,Keller Williams Real Estate Associates,,,2023-11-02 17:54:52,'2023-11-02 17:54:52')
592,Realty Executives Platinum,,,2023-11-02 17:54:52,'2023-11-02 17:54:52')
593,Key Exchange Team Real Estate Ltd,,,2023-11-02 17:54:52,'2023-11-02 17:54:52')
594,"Christopher Coupal, John Markou &amp; Brooks Way, 519-742-7000 RE/MAX Twin City Realty",,,2023-11-02 17:54:52,'2023-11-02 17:54:52')
595,Edge Realty Solutions,,,2023-11-02 17:54:53,'2023-11-02 17:54:53')
596,Century 21 BJ Roth,,,2023-11-02 18:11:51,'2023-11-02 18:11:51')
597,RE/MAX Capital Inc,,,2023-11-02 18:11:52,'2023-11-02 18:11:52')
598,Coldwell Banker Realty in Motion,coldwellbankerhomes.com,,2023-12-02 13:42:11,'2023-11-02 18:11:52')
599,Homelife Best-Seller,homelife.ca,,2023-12-02 13:42:12,'2023-11-02 18:11:52')
600,HomeLife Broadway Realty Inc,,,2023-11-02 18:11:52,'2023-11-02 18:11:52')
601,RE/MAX Rouge River Realty,remaxrougeriver.com,,2023-12-02 13:42:11,'2023-11-02 18:11:52')
602,McCor Realties (Ontario) Inc,,,2023-11-02 18:11:52,'2023-11-02 18:11:52')
603,RE/MAX Aboutowne Realty,remaxaboutowne.com,,2023-12-02 13:42:07,'2023-11-02 18:11:52')
604,Ren/Tex Realty,,,2023-11-02 18:11:53,'2023-11-02 18:11:53')
605,"Jones Lang LaSalle: Elliot Medoff &amp; Euan Darling, 416-238-9768 Cushman &amp; Wakefield Ltd",,,2023-11-02 18:11:53,'2023-11-02 18:11:53')
606,Periscope Realty,,,2023-11-02 18:11:53,'2023-11-02 18:11:53')
607,The Vrancor Group,,,2023-11-02 18:11:53,'2023-11-02 18:11:53')
608,Main Street Realty,mainstreetrealty.info,,2023-12-02 13:42:12,'2023-11-02 18:11:54')
609,Cushman &amp; Wakefield Waterloo,,,2023-11-02 18:11:54,'2023-11-02 18:11:54')
610,Martel Commercial Realty,martelcommercial.com,,2023-12-02 13:42:12,'2023-11-02 18:11:54')
611,Alliance Realty,allianceteamga.com,,2023-12-02 13:42:12,'2023-11-02 18:11:55')
612,Power Marketing Real Estate,,,2023-11-02 18:11:55,'2023-11-02 18:11:55')
613,Core Consultants Realty,coreconsultantsrealty.com,,2023-12-02 13:42:08,'2023-11-02 18:11:55')
614,National Retail Group,nrgproperty.com.au,,2023-12-02 13:42:08,'2023-11-02 18:11:56')
615,Dan Gemus Real Estate Team Ltd,,,2023-11-02 18:11:57,'2023-11-02 18:11:57')
616,Royal LePage Grand Valley,,,2023-11-02 18:11:57,'2023-11-02 18:11:57')
617,OntarioWide Real Estate,,,2023-11-02 18:15:27,'2023-11-02 18:15:27')
618,Century 21 Heritage House,,,2023-11-02 18:15:27,'2023-11-02 18:15:27')
619,Nu Stream Realty,,,2023-11-02 18:15:27,'2023-11-02 18:15:27')
620,Royal LePage West Realty,,,2023-11-02 18:15:27,'2023-11-02 18:15:27')
621,Century 21 BJ Roth Realty,,,2023-11-02 18:15:27,'2023-11-02 18:15:27')
622,Top Guns Realty,topgunsrealty.com,,2023-12-02 13:42:08,'2023-11-02 18:15:27')
623,Beecher &amp; Associates Real Estate,,,2023-11-02 18:15:27,'2023-11-02 18:15:27')
624,RE/MAX Crown Realty,,,2023-11-02 18:15:28,'2023-11-02 18:15:28')
625,Tradeworld Realty Inc,tradeworldrealty.com,,2023-12-02 13:42:08,'2023-11-02 18:15:28')
626,RE/MAX Streetcity Realty,helmrealestate.com,,2023-12-02 13:42:12,'2023-11-02 18:15:28')
627,RE/MAX Centre City Realty,,,2023-11-02 18:15:28,'2023-11-02 18:15:28')
628,Realosophy Realty Inc,,,2023-11-02 18:15:28,'2023-11-02 18:15:28')
629,Slavens &amp; Associates Real Estate,,,2023-11-02 18:15:29,'2023-11-02 18:15:29')
630,Coldwell Banker Essential Realty,coldwellbanker.ca,,2023-12-02 13:42:08,'2023-11-02 18:15:29')
631,Coldwell Banker Neumann Real Estate,,,2023-11-02 18:15:29,'2023-11-02 18:15:29')
632,Sutton Group Old Mill Realty,,,2023-11-02 18:15:29,'2023-11-02 18:15:29')
633,Royal LePage Golden Ridge Realty,,,2023-11-02 18:15:30,'2023-11-02 18:15:30')
634,STS Commercial Realty,,,2023-11-02 18:15:30,'2023-11-02 18:15:30')
635,Keller Williams Complete Realty,kw.com,,2023-12-02 13:42:12,'2023-11-02 18:15:31')
636,RE/MAX Chay Realty,,,2023-11-02 18:15:31,'2023-11-02 18:15:31')
637,RE/MAX Garden City Realty,,,2023-11-02 18:15:31,'2023-11-02 18:15:31')
638,Royal LePage Terrequity Realty,,,2023-11-02 18:15:31,'2023-11-02 18:15:31')
639,Keller Williams Energy Real Estate,shawnlepp.com,,2023-12-02 13:42:12,'2023-11-02 18:15:32')
640,Cube Realty Advisors,,,2023-11-02 18:15:32,'2023-11-02 18:15:32')
641,Whitney Commercial Real Estate,,,2023-11-02 18:15:32,'2023-11-02 18:15:32')
642,Coldwell Banker 2M Realty,coldwellbanker.co.th,,2023-12-02 13:42:12,'2023-11-02 18:15:33')
643,CLV Realty,,,2023-11-02 18:15:33,'2023-11-02 18:15:33')
644,Sutton Ottawa,sutton.com,,2023-12-02 13:42:12,'2023-11-02 18:15:33')
645,RE/MAX Hallmark Corbo &amp; Kelos Group,,,2023-11-02 18:15:34,'2023-11-02 18:15:34')
646,First Choice Realty,firstchoicerealtyinc.com,,2023-12-02 13:42:10,'2023-11-02 18:15:34')
647,Wind Star Realty,,,2023-11-02 18:15:34,'2023-11-02 18:15:34')
648,Eskan Realty,,,2023-11-02 18:15:34,'2023-11-02 18:15:34')
649,Realty Executives Castle Alliance,,,2023-11-02 18:15:34,'2023-11-02 18:15:34')
650,Steve Kewin &amp; Associates,,,2023-11-02 18:15:35,'2023-11-02 18:15:35')
651,Sutton Incentive Realty,,,2023-11-02 18:15:35,'2023-11-02 18:15:35')
652,Chestnut Park Real Estate,chestnutpark.com,,2023-12-02 13:42:10,'2023-11-02 18:15:36')
653,RE/MAX Core Realty,,,2023-11-02 18:15:37,'2023-11-02 18:15:37')
654,RE/MAX Affiliates Boardwalk,,,2023-11-02 18:15:38,'2023-11-02 18:15:38')
655,Property.ca,fairgrovepm.com,,2023-12-02 13:42:12,'2023-11-02 18:15:38')
656,K.P. Gillen &amp; Co Realty,,,2023-11-02 18:15:39,'2023-11-02 18:15:39')
657,Ambitious Realty,,,2023-11-02 18:15:40,'2023-11-02 18:15:40')
658,Keller Williams Lifestyles Realty,,,2023-11-02 18:15:40,'2023-11-02 18:15:40')
659,Bennett Property Shop Realty,,,2023-11-02 18:15:40,'2023-11-02 18:15:40')
660,Century 21 King&#039;s Quat Real Estate,,,2023-11-02 18:15:40,'2023-11-02 18:15:40')
661,Red and White Realty,,,2023-11-02 18:15:40,'2023-11-02 18:15:40')
662,Moveta Realty,,,2023-11-02 18:15:41,'2023-11-02 18:15:41')
663,Homelife/Bayview Realty,,,2023-11-02 18:15:42,'2023-11-02 18:15:42')
664,Thorncrest Realty,realtor.ca,,2023-12-02 13:42:12,'2023-11-02 18:15:42')
665,Exit Realty Matrix,joinexitrealty.com,,2023-12-02 13:42:12,'2023-11-02 18:15:43')
666,Keller Williams Experience Realty,,,2023-11-02 18:15:44,'2023-11-02 18:15:44')
667,Century 21 Dreams,,,2023-11-02 18:15:44,'2023-11-02 18:15:44')
668,Royal LePage Realty Plus,,,2023-11-02 18:15:44,'2023-11-02 18:15:44')
669,Exit Realty Lake Superior,,,2023-11-02 18:15:44,'2023-11-02 18:15:44')
670,Homelife Classic Realty,,,2023-11-02 18:15:44,'2023-11-02 18:15:44')
671,RE/MAAX Cirt Accord Realty,,,2023-11-02 18:15:44,'2023-11-02 18:15:44')
672,Weiss Realty Ltd,,,2023-11-02 18:15:46,'2023-11-02 18:15:46')
673,Chestnut Park West Real Estate,,,2023-11-02 18:15:47,'2023-11-02 18:15:47')
674,RE/MAX Solutions Barros Group,,,2023-11-02 18:15:47,'2023-11-02 18:15:47')
675,Prospect Realty Inc,prospectreal.com,,2023-12-02 14:02:24,'2023-11-02 18:15:47')
676,Trade One Realty Inc,,,2023-11-02 18:15:47,'2023-11-02 18:15:47')
677,RE/MAX Realty Enterprises,ixactcontact.com,,2023-12-02 13:42:11,'2023-11-02 18:15:48')
678,Marcus &amp; Millichap&#039;s Institutional Property Advisors,,,2023-11-02 18:15:49,'2023-11-02 18:15:49')
679,Keller Williams Referred Urban Realty,,,2023-11-02 18:15:49,'2023-11-02 18:15:49')
680,Century 21 King&#039;s Quay Realty,,,2023-11-02 18:15:49,'2023-11-02 18:15:49')
681,Reio Realty Ltd,reio.com,,2023-12-02 13:44:36,'2023-11-04 16:35:42')
682,K.P. Gillen &amp; Co. Realty,,,2023-11-04 16:35:42,'2023-11-04 16:35:42')
683,RE/MAX Escarpment Realty Inc,,,2023-11-04 16:35:43,'2023-11-04 16:35:43')
684,Century 21 Dreams Inc,,,2023-11-04 16:35:44,'2023-11-04 16:35:44')
685,Norman Hill Realty,normanhill.com,,2023-12-02 13:44:41,'2023-11-04 16:35:44')
686,Central Commercial Real Estate,,,2023-11-04 16:35:44,'2023-11-04 16:35:44')
687,DNS Real Estate,dnsrealestate.ca,,2023-12-02 13:44:41,'2023-11-04 16:35:45')
688,Brixton Commercial Real Estate,,,2023-11-04 16:35:45,'2023-11-04 16:35:45')
689,Mysak Realty Ltd,,,2023-11-04 16:35:45,'2023-11-04 16:35:45')
690,Catania Realty Ltd,,,2023-11-04 16:35:45,'2023-11-04 16:35:45')
691,Sutton Group - Signature Realty,sutton.com,,2023-12-02 13:44:41,'2023-11-04 16:35:46')
692,Metro Suburban Realty,metro-sub.com,,2023-12-02 13:44:37,'2023-11-04 16:35:46')
693,Coldwell Banker - Peter Benniger Real Estate,,,2023-11-04 16:35:46,'2023-11-04 16:35:46')
694,DNS Real Estate Ltd,,,2023-11-04 16:35:47,'2023-11-04 16:35:47')
695,Reio Realty,,,2023-11-04 16:35:47,'2023-11-04 16:35:47')
696,Shaker Realty,,,2023-11-04 16:35:47,'2023-11-04 16:35:47')
697,Century 21 Legacy Ltd,,,2023-11-04 16:35:47,'2023-11-04 16:35:47')
698,Royal LePage Niagara Real Estate Centre,,,2023-11-04 16:35:49,'2023-11-04 16:35:49')
699,RE/MAX Capital,remax.com.ec,,2023-12-02 13:44:44,'2023-11-04 16:35:49')
700,Royal LePage Lannon Realty,,,2023-11-04 16:35:49,'2023-11-04 16:35:49')
701,Century 21 Limestone Realty,century21.net,,2023-12-02 13:44:44,'2023-11-04 16:35:50')
702,Coldwell Banker Peter Minogue Real Estate,coldwellbanker.co.th,,2023-12-02 13:44:44,'2023-11-04 16:35:50')
703,Coldwell Banker Rhodes Realty,,,2023-11-04 16:35:50,'2023-11-04 16:35:50')
704,RE/MAX Quinte,,,2023-11-04 16:35:50,'2023-11-04 16:35:50')
705,Top Cats Realty Inc,,,2023-11-04 16:35:51,'2023-11-04 16:35:51')
706,Demone Realty Group,,,2023-11-04 16:35:51,'2023-11-04 16:35:51')
707,RE/MAX Platinum,,,2023-11-04 16:35:52,'2023-11-04 16:35:52')
708,Century 21 Heritage Group,,,2023-11-04 16:35:52,'2023-11-04 16:35:52')
709,Royal LePage Porritt Real Estate,,,2023-11-04 16:35:53,'2023-11-04 16:35:53')
710,Cube Realty Advisors Ltd,cube.dev,,2023-12-02 13:44:44,'2023-11-04 16:35:53')
711,Cube Realty,,,2023-11-04 16:35:53,'2023-11-04 16:35:53')
712,TL Willaert Realty,,,2023-11-04 16:35:54,'2023-11-04 16:35:54')
713,Homelife Woodbine,homelifewoodbine.ca,,2023-12-02 13:44:41,'2023-11-04 16:35:54')
714,RE/MAX Professionals Realty,remax.com,,2023-12-02 13:44:41,'2023-11-04 16:35:54')
715,Capital Homes Realty,,,2023-11-04 16:35:54,'2023-11-04 16:35:54')
716,Dream Properties,ameridreamproperties.com,,2023-12-02 13:44:44,'2023-11-04 16:35:54')
717,Royal LePage Lakes of Muskoka Realty,,,2023-11-04 16:35:54,'2023-11-04 16:35:54')
718,Century 21 Atria Realty,,,2023-11-04 16:35:54,'2023-11-04 16:35:54')
719,Barnicke Myers Ltd,,,2023-11-04 16:35:55,'2023-11-04 16:35:55')
720,Century 21 Miller Real Estate,lewishomes.ca,,2023-12-02 13:44:38,'2023-11-04 16:35:55')
721,Cushman &amp; Wakefield Inc,,,2023-11-04 16:35:56,'2023-11-04 16:35:56')
722,Rob Thompson Realty Corp,,,2023-11-04 16:35:56,'2023-11-04 16:35:56')
723,Davidson Commercial Corp,,,2023-11-04 16:35:56,'2023-11-04 16:35:56')
724,Your Choice Realty Corp,yourchoicerealty.ca,,2023-12-02 13:44:44,'2023-11-04 16:35:56')
725,Real One Realty,,,2023-11-04 16:35:56,'2023-11-04 16:35:56')
726,Cubecom Commercial Realty,cubecom.ca,,2024-04-16 14:52:12,'2023-11-04 16:35:57')
727,John L. Zagerman Real Estate Services,,,2023-11-04 16:35:58,'2023-11-04 16:35:58')
728,Alexandroff Real Estate,,,2023-11-04 16:35:59,'2023-11-04 16:35:59')
729,Johnston &amp; Daniel,,,2023-11-04 16:36:00,'2023-11-04 16:36:00')
730,Coldwell Banker JC Marsden Realty,,,2023-11-04 16:36:01,'2023-11-04 16:36:01')
731,ones Lang LaSalle,,,2023-11-04 16:36:02,'2023-11-04 16:36:02')
732,Koble Commercial Real Estate Inc,,,2023-11-04 16:36:02,'2023-11-04 16:36:02')
733,Grosman Realty Ltd,,,2023-11-04 16:36:02,'2023-11-04 16:36:02')
734,Roger &amp; Trainor Commercial Realty,,,2023-11-04 16:36:03,'2023-11-04 16:36:03')
735,Royal LePage Parkway Realty,,,2023-11-04 16:36:03,'2023-11-04 16:36:03')
736,Homelife Gold Pacific Realty,,,2023-11-04 16:36:04,'2023-11-04 16:36:04')
737,RE/MAX Eastern Realty,remax.com,,2023-12-02 13:44:41,'2023-11-04 16:36:04')
738,Coldwell Banker Integrity Real Estate,,,2023-11-04 16:36:05,'2023-11-04 16:36:05')
739,"Keller Williams Experience Realty: Ian Hocking, 705-252-7939Cushman &amp; Wakefield Ltd",,,2023-11-04 16:36:05,'2023-11-04 16:36:05')
740,Bennett Property Shop,,,2023-11-04 16:36:05,'2023-11-04 16:36:05')
741,Sutton Group - Quantum Realty,sutton.com,,2023-12-02 13:44:41,'2023-11-04 16:36:06')
742,Exit Realty Seaway,,,2023-11-04 16:36:06,'2023-11-04 16:36:06')
743,Colonnade Bridgeport,colonnadebridgeport.ca,,2023-12-02 13:44:38,'2023-11-04 16:36:07')
744,Royal LePage Urban Realty,,,2023-11-04 16:36:08,'2023-11-04 16:36:08')
745,Your Hometown Realty Ltd,,,2023-11-04 16:36:08,'2023-11-04 16:36:08')
746,Creppin Realty Group,keenrealty.com,,2023-12-02 13:44:44,'2023-11-04 16:36:09')
747,Royal LePage Trinity Realty,,,2023-11-04 16:36:09,'2023-11-04 16:36:09')
748,Smart From Home Realty Ltd,,,2023-11-04 16:36:09,'2023-11-04 16:36:09')
749,Royal LePage Burloak Realty,,,2023-11-04 16:36:11,'2023-11-04 16:36:11')
750,RE/MAX First Realty,vocalocity.com,,2023-12-02 13:44:39,'2023-11-04 16:36:12')
751,Keller Williams Realty Solutions,,,2023-11-04 16:36:12,'2023-11-04 16:36:12')
752,Century 21 Today Realty,,,2023-11-04 16:36:12,'2023-11-04 16:36:12')
753,Royal LePage Parkway,,,2023-11-04 16:36:12,'2023-11-04 16:36:12')
754,Exit Realty Liftlock,exitrealtyliftlock.com,,2023-12-02 13:44:39,'2023-11-04 16:36:12')
755,Times Square Realty,,,2023-11-04 16:36:12,'2023-11-04 16:36:12')
756,Coldwell Banker -  Peter Benninger Realty,,,2023-11-04 16:36:13,'2023-11-04 16:36:13')
757,Century 21 Millennium,c21millennium.com,,2023-12-02 13:44:39,'2023-11-04 16:36:13')
758,Featherstone Realty,,,2023-11-04 16:36:13,'2023-11-04 16:36:13')
759,Primus Realty Ltd,,,2023-11-04 16:36:13,'2023-11-04 16:36:13')
760,Zinati Commercial Realty,,,2023-11-04 16:36:14,'2023-11-04 16:36:14')
761,Royal Heritage Realty,,,2023-11-04 16:36:14,'2023-11-04 16:36:14')
762,Sutton Realty,sutton.com,,2023-12-02 13:44:41,'2023-11-04 16:36:14')
763,Worldcrest Realty Inc,,,2023-11-04 16:36:14,'2023-11-04 16:36:14')
764,Exit Realty Hare,,,2023-11-04 16:36:16,'2023-11-04 16:36:16')
765,Homelife/Metropark Realty,,,2023-11-04 16:36:16,'2023-11-04 16:36:16')
766,Homelife Today Realty,,,2023-11-04 16:36:16,'2023-11-04 16:36:16')
767,Capital North Commercial,,,2023-11-04 16:36:16,'2023-11-04 16:36:16')
768,RE/MAX Imperial Realty,,,2023-11-04 16:36:16,'2023-11-04 16:36:16')
769,Royal LePage Plus Realty,,,2023-11-04 16:36:17,'2023-11-04 16:36:17')
770,Coldwell Banker Momentum Realty,,,2023-11-04 16:36:18,'2023-11-04 16:36:18')
771,Rego Realty,,,2023-11-04 16:36:18,'2023-11-04 16:36:18')
772,RE/MAX Parry Sound Muskoka Realty,,,2023-11-04 16:36:19,'2023-11-04 16:36:19')
773,Homelife Vision Realty,,,2023-11-04 16:36:19,'2023-11-04 16:36:19')
774,Homelife/Heritage Realty,,,2023-11-04 16:36:20,'2023-11-04 16:36:20')
775,Solid Rock Realty,,,2023-11-04 16:36:20,'2023-11-04 16:36:20')
776,Nu-Vista Premiere Realty,,,2023-11-04 16:36:21,'2023-11-04 16:36:21')
777,RE/MAX Diamond Realty,,,2023-11-06 12:06:58,'2023-11-06 12:06:58')
778,Royal LePage West Realty Group,,,2023-11-06 12:06:58,'2023-11-06 12:06:58')
779,Koble Commercial Property Group,,,2023-11-06 12:06:58,'2023-11-06 12:06:58')
780,Coldwell Banker Ekort Realty,,,2023-11-06 12:06:58,'2023-11-06 12:06:58')
781,Core Realty Group Inc,,,2023-11-06 12:06:58,'2023-11-06 12:06:58')
782,Posteraro Real Estate Investment,,,2023-11-06 12:06:58,'2023-11-06 12:06:58')
783,Royal LePage Gale Real Estate,,,2023-11-06 12:06:59,'2023-11-06 12:06:59')
784,The Realty Market Inc,,,2023-11-06 12:06:59,'2023-11-06 12:06:59')
785,Royal LePage Connect Realty,,,2023-11-06 12:06:59,'2023-11-06 12:06:59')
786,Royal LePage Hurley Real Estate,,,2023-11-06 12:06:59,'2023-11-06 12:06:59')
787,Homebound Realty Inc,homebound.com,,2023-12-02 13:52:21,'2023-11-06 12:07:00')
788,Wineva Realty Inc,,,2023-11-06 12:07:00,'2023-11-06 12:07:00')
789,Chriton Company Inc,,,2023-11-06 12:07:00,'2023-11-06 12:07:00')
790,DTZ Eastern Ontario Ltd,,,2023-11-06 12:07:01,'2023-11-06 12:07:01')
791,Facilities Commercial,,,2023-11-06 12:07:01,'2023-11-06 12:07:01')
792,RE/MAX Hallmark Realty Ltd,,,2023-11-06 12:07:01,'2023-11-06 12:07:01')
793,Aztech Realty Inc,,,2023-11-06 12:07:01,'2023-11-06 12:07:01')
794,Hassey Realty Corp,,,2023-11-06 12:07:02,'2023-11-06 12:07:02')
795,Real Estate Homeward,,,2023-11-06 12:07:02,'2023-11-06 12:07:02')
796,Homelife/City Hill Realty,,,2023-11-06 12:07:02,'2023-11-06 12:07:02')
797,Tony Johal Realty Inc,,,2023-11-06 12:07:02,'2023-11-06 12:07:02')
798,Binswanger Hectare,hectare.com,,2023-12-02 13:52:18,'2023-11-06 12:07:02')
799,Sutton - Sadie Moranir Realty,,,2023-11-06 12:07:02,'2023-11-06 12:07:02')
800,Kartelle Real Estate Inc,,,2023-11-06 12:07:02,'2023-11-06 12:07:02')
801,City Commercial Realty Group Ltd,,,2023-11-06 12:07:02,'2023-11-06 12:07:02')
802,Webster Retail Commercial Real Estate Ltd,,,2023-11-06 12:07:03,'2023-11-06 12:07:03')
803,Cancorp Realty Inc,,,2023-11-06 12:07:03,'2023-11-06 12:07:03')
804,Freeman Real Estate Ltd,,,2023-11-06 12:07:04,'2023-11-06 12:07:04')
805,Century 21 Leaders Realty,,,2023-11-06 12:07:04,'2023-11-06 12:07:04')
806,Living Realty Inc,,,2023-11-06 12:07:04,'2023-11-06 12:07:04')
807,Estar Real Estate Corp,,,2023-11-06 12:07:04,'2023-11-06 12:07:04')
808,Homelife Regional Realty,,,2023-11-06 12:07:04,'2023-11-06 12:07:04')
809,RE/MAX Sudbury Realty,,,2023-11-06 12:07:04,'2023-11-06 12:07:04')
810,Facilities Commercial Realty Inc,,,2023-11-06 12:07:04,'2023-11-06 12:07:04')
811,DTZ London Windsor Sarnia,,,2023-11-06 12:07:05,'2023-11-06 12:07:05')
812,PMG Realty Corp,,,2023-11-06 12:07:05,'2023-11-06 12:07:05')
813,Manor Windsor Realty Ltd,,,2023-11-06 12:07:05,'2023-11-06 12:07:05')
814,Realty Executives Elite Ltd,,,2023-11-06 12:07:05,'2023-11-06 12:07:05')
815,Huntington Commercial Realty,,,2023-11-06 12:07:05,'2023-11-06 12:07:05')
816,Accsell Realty,accsell.com,,2023-12-02 13:52:19,'2023-11-06 12:07:05')
817,Urbanlife Realty,urbanliferealty.com,,2023-12-02 13:52:19,'2023-11-06 12:07:05')
818,Homelife Best-Sellers Realty,,,2023-11-06 12:07:06,'2023-11-06 12:07:06')
819,RCB Realty,,,2023-11-06 12:07:06,'2023-11-06 12:07:06')
820,Exit Premier Realty,premrg.com,,2023-12-02 13:52:19,'2023-11-06 12:07:06')
821,Seguin Realty,,,2023-11-06 12:07:06,'2023-11-06 12:07:06')
822,Farquharson Realty,,,2023-11-06 12:07:07,'2023-11-06 12:07:07')
823,Applaud Realty Inc,,,2023-11-06 12:07:07,'2023-11-06 12:07:07')
824,Freeman Realty,,,2023-11-06 12:07:07,'2023-11-06 12:07:07')
825,Homelife/Cimerman Realty,,,2023-11-06 12:07:07,'2023-11-06 12:07:07')
826,Keller Williams Advantage,,,2023-11-06 12:07:08,'2023-11-06 12:07:08')
827,Sutton Group &ndash; Select Realty,,,2023-11-06 12:07:08,'2023-11-06 12:07:08')
828,Coldwell Banker The Real Estate Centre,,,2023-11-06 12:07:08,'2023-11-06 12:07:08')
829,Sunshine Realty Corp,,,2023-11-06 12:07:09,'2023-11-06 12:07:09')
830,RE/MAX Metro-City Realty,,,2023-11-06 12:07:09,'2023-11-06 12:07:09')
831,Homelife Bayview Realty,,,2023-11-06 12:07:09,'2023-11-06 12:07:09')
832,Homelife/Romano Realty,homeliferomano.com,,2023-12-02 13:52:19,'2023-11-06 12:07:10')
833,Adenat Real Estate Ltd,,,2023-11-06 12:07:10,'2023-11-06 12:07:10')
834,Bridgecan Realty,,,2023-11-06 12:07:10,'2023-11-06 12:07:10')
835,RE/MAX Orillia,,,2023-11-06 12:07:11,'2023-11-06 12:07:11')
836,James So Realty,iciworld.net,,2023-12-02 13:52:19,'2023-11-06 12:07:11')
837,Homelife/Royalcorp Real Estate,,,2023-11-06 12:07:12,'2023-11-06 12:07:12')
838,Givalas Real Estate,,,2023-11-06 12:07:12,'2023-11-06 12:07:12')
839,Hurley Real Estate,,,2023-11-06 12:07:12,'2023-11-06 12:07:12')
840,Sutton Group Admiral,,,2023-11-06 12:07:13,'2023-11-06 12:07:13')
841,RE/MAX Hartland Realty,,,2023-11-06 12:07:13,'2023-11-06 12:07:13')
842,Century 21 People&#039;s Choice Realty,,,2023-11-06 12:07:13,'2023-11-06 12:07:13')
843,Sutton Group Security Real Estate,,,2023-11-06 12:07:13,'2023-11-06 12:07:13')
844,Locke Real Estate,,,2023-11-06 12:07:13,'2023-11-06 12:07:13')
845,DTZ Barnicke London Windsor Sarnia,,,2023-11-06 12:07:14,'2023-11-06 12:07:14')
846,Realty Executives Platinum Ltd,,,2023-11-06 12:07:15,'2023-11-06 12:07:15')
847,Keller William Ottawa Realty,,,2023-11-06 12:07:15,'2023-11-06 12:07:15')
848,Roubin Realty Ltd,,,2023-11-06 12:07:16,'2023-11-06 12:07:16')
849,United Century Real Estate,,,2023-11-06 12:07:16,'2023-11-06 12:07:16')
850,Sutton Group Central Realty,,,2023-11-06 12:07:17,'2023-11-06 12:07:17')
851,Kerwin Realties Ltd,,,2023-11-06 12:07:17,'2023-11-06 12:07:17')
852,Keller Williams Ottawa Realty,,,2023-11-06 12:07:17,'2023-11-06 12:07:17')
853,Minmaxx Realty Inc,,,2023-11-06 12:07:18,'2023-11-06 12:07:18')
854,Homelife/Diamonds Realty,,,2023-11-06 12:07:18,'2023-11-06 12:07:18')
855,Sutton - Sadie Moranis Realty,suttoncomms.com,,2023-12-02 13:52:22,'2023-11-06 12:07:18')
856,RE/MAX Riverview Realty,,,2023-11-06 12:07:18,'2023-11-06 12:07:18')
857,Homelife Realty One,homeliferealtyone.com,,2023-12-02 13:52:19,'2023-11-06 12:07:18')
858,MFS Realty,mfsrealty.com,,2023-12-02 13:54:53,'2023-11-06 12:07:19')
859,H. Featherstone Realty Inc,,,2023-11-06 12:07:19,'2023-11-06 12:07:19')
860,Venture Real Estate Corp,,,2023-11-06 12:07:19,'2023-11-06 12:07:19')
861,IPro Realty Ltd,,,2023-11-06 12:07:19,'2023-11-06 12:07:19')
862,Marel Real Estate,,,2023-11-06 12:07:19,'2023-11-06 12:07:19')
863,Ashlar Crosby Cairo Realty,,,2023-11-06 12:07:19,'2023-11-06 12:07:19')
864,Colliers International London,,,2023-11-06 12:07:19,'2023-11-06 12:07:19')
865,RE/MAX Cornwall Realty,,,2023-11-06 12:07:20,'2023-11-06 12:07:20')
866,Living Real Estate Ltd,livingny.com,,2023-12-02 13:52:21,'2023-11-06 12:07:20')
867,Westminster Group Realty,,,2023-11-06 12:07:20,'2023-11-06 12:07:20')
868,HomeLife GTA Realty Inc,,,2023-11-06 12:07:20,'2023-11-06 12:07:20')
869,Plus Realty Ltd,,,2023-11-06 12:07:20,'2023-11-06 12:07:20')
870,Bob Pedler Real Estate Ltd,,,2023-11-06 12:07:20,'2023-11-06 12:07:20')
871,nvestpro Realty,,,2023-11-06 12:07:21,'2023-11-06 12:07:21')
872,Keller Williams Edge Realty,,,2023-11-06 12:07:21,'2023-11-06 12:07:21')
873,RE/MAX Sudbury Inc,,,2023-11-06 12:07:21,'2023-11-06 12:07:21')
874,RE/MAX Grey Bruce Realty,,,2023-11-06 12:07:22,'2023-11-06 12:07:22')
875,Jakupi Realty Inc,,,2023-11-06 12:07:22,'2023-11-06 12:07:22')
876,Sutton Group - Select Realty,sutton.com,,2023-12-02 13:52:22,'2023-11-06 12:07:22')
877,Century 21 Harvest Realty,,,2023-11-06 12:07:23,'2023-11-06 12:07:23')
878,Royal LePage Executive Realty,,,2023-11-06 12:07:23,'2023-11-06 12:07:23')
879,Weiss Realty,,,2023-11-06 12:07:24,'2023-11-06 12:07:24')
880,Nordale Realty &amp; Associates Inc,,,2023-11-06 12:07:24,'2023-11-06 12:07:24')
881,DTZ London,dtz.com,,2023-12-02 13:52:22,'2023-11-06 12:07:24')
882,Homelife Power Realty Inc,,,2023-11-06 12:07:24,'2023-11-06 12:07:24')
883,Sutton Group - Preferred Realty,,,2023-11-06 12:07:24,'2023-11-06 12:07:24')
884,Forest Hill Real Estate Inc,foresthillsignature.com,,2023-12-02 13:52:21,'2023-11-06 12:07:24')
885,Century 21 Infinity Realty,,,2023-11-06 12:07:24,'2023-11-06 12:07:24')
886,Barclay Commercial Corp,,,2023-11-06 12:07:25,'2023-11-06 12:07:25')
887,Megna Real Estate,magna.ag,,2023-12-02 13:52:22,'2023-11-06 12:07:25')
888,Titan York Realty Corporation,,,2023-11-06 12:07:25,'2023-11-06 12:07:25')
889,Remo Valente Real Estate,,,2023-11-06 12:07:26,'2023-11-06 12:07:26')
890,Magic Realty,,,2023-11-06 12:07:27,'2023-11-06 12:07:27')
891,RE/MAX Realty One Inc,remax.com,,2023-12-02 13:52:21,'2023-11-06 12:07:27')
892,EXSELLence Team Realty,,,2023-11-06 12:07:27,'2023-11-06 12:07:27')
893,Eskan Realty Inc,,,2023-11-06 12:07:28,'2023-11-06 12:07:28')
894,The Realty Firm,co-operative.coop,,2023-12-02 13:52:22,'2023-11-06 12:07:29')
895,High Point Realty,demolink.org,,2023-12-02 13:52:22,'2023-11-06 12:07:31')
896,RE/MAX Solid Realty,,,2023-11-06 12:07:31,'2023-11-06 12:07:31')
897,Wind Star Realty Limited,,,2023-11-06 12:07:31,'2023-11-06 12:07:31')
898,Whitney and Company,whitneycompany.net,,2023-12-02 13:52:20,'2023-11-06 12:07:31')
899,Monopoly Commercial Realty,,,2023-11-06 12:07:32,'2023-11-06 12:07:32')
900,Fengate Realty,,,2023-11-06 12:07:33,'2023-11-06 12:07:33')
901,Homelife/Vision Realty,,,2023-11-06 12:07:33,'2023-11-06 12:07:33')
902,Homelie/Cimerman Real Estate,,,2023-11-06 12:07:33,'2023-11-06 12:07:33')
903,RE/MAX Four Seasons Realty,,,2023-11-06 12:07:34,'2023-11-06 12:07:34')
904,Century 21 Heritage Group Ltd,century21.net,,2023-12-02 13:52:22,'2023-11-06 12:07:34')
905,Homelife Top Star Realty,,,2023-11-06 12:07:35,'2023-11-06 12:07:35')
906,RE/MAX Advantage Realty,,,2023-11-06 12:07:35,'2023-11-06 12:07:35')
907,Royal LePage Team Real Estate,,,2023-11-06 12:07:35,'2023-11-06 12:07:35')
908,Glenda James Real Estate,,,2023-11-06 12:07:35,'2023-11-06 12:07:35')
909,Oliver &amp; Associates Rea Estate,,,2023-11-06 12:07:35,'2023-11-06 12:07:35')
910,RE/MAX Finest Realty,,,2023-11-06 12:07:36,'2023-11-06 12:07:36')
911,Mr Most Realty,,,2023-11-06 12:07:37,'2023-11-06 12:07:37')
912,L.G. Realty Inc,lgrealtyadvisors.com,,2023-12-02 13:52:21,'2023-11-06 12:07:37')
913,Capital Commercial Real Estate Services Inc,,,2023-11-06 12:07:37,'2023-11-06 12:07:37')
914,C Ashley Realty Inc,,,2023-11-06 12:07:37,'2023-11-06 12:07:37')
915,Toronto Homes and Buildings Realty Inc,,,2023-11-06 12:07:37,'2023-11-06 12:07:37')
916,Sutton Group Innovative Realty,,,2023-11-06 12:07:37,'2023-11-06 12:07:37')
917,Gleed Inc,,,2023-11-06 12:07:37,'2023-11-06 12:07:37')
918,Sutton Group-Select Realty,sutton.com,,2023-12-02 13:52:21,'2023-11-06 12:07:37')
919,RE/MAX Crossroads Realty,,,2023-11-06 12:07:38,'2023-11-06 12:07:38')
920,Givalas Real Estate Ltd,,,2023-11-06 12:07:38,'2023-11-06 12:07:38')
921,Spencer Group Inc,spencergroupinc.com,,2023-12-02 13:52:21,'2023-11-06 12:07:38')
922,New World 2000 Realty Inc,,,2023-11-06 12:07:38,'2023-11-06 12:07:38')
923,Homelife/5 Star Realty,,,2023-11-06 12:07:38,'2023-11-06 12:07:38')
924,Greenfield Real Estate,,,2023-11-06 12:07:38,'2023-11-06 12:07:38')
925,Sutton - Benchmark Realty Inc,suttoncomms.com,,2023-12-02 13:52:22,'2023-11-06 12:07:39')
926,Homelife/Leader Inc,,,2023-11-06 12:07:39,'2023-11-06 12:07:39')
927,Capital Growth Realty Inc,,,2023-11-06 12:07:39,'2023-11-06 12:07:39')
928,Abe Gitalis Real Estate,,,2023-11-06 12:07:39,'2023-11-06 12:07:39')
929,Ariston Realty,,,2023-11-06 12:07:40,'2023-11-06 12:07:40')
930,Region-Wide Real Estate,,,2023-11-06 12:07:41,'2023-11-06 12:07:41')
931,Secure Capital,securecapitalsolutions.com,,2023-12-02 13:52:22,'2023-11-06 12:07:41')
932,Harvey Kalles,,,2023-11-06 12:07:42,'2023-11-06 12:07:42')
933,Home Leader Realty,,,2023-11-06 12:07:42,'2023-11-06 12:07:42')
934,Links Corporate Realty,,,2023-11-06 12:07:43,'2023-11-06 12:07:43')
935,Vanguard Realty Brokerage,,,2023-11-06 12:07:43,'2023-11-06 12:07:43')
936,Cushman and Wakefield Waterloo Region,,,2023-11-06 12:07:43,'2023-11-06 12:07:43')
937,RE/MAX Garden City,,,2023-11-06 12:07:43,'2023-11-06 12:07:43')
938,Cityscape Real Estate,cityscapesd.com,,2023-12-02 13:52:21,'2023-11-06 12:07:44')
939,Capital City Realty,,,2023-11-06 12:07:46,'2023-11-06 12:07:46')
940,Realty Advisors First Corporation,,,2023-11-07 11:35:41,'2023-11-07 11:35:41')
941,Sutton Group Select Realty,suttonselect.com,,2023-12-02 13:54:53,'2023-11-07 11:35:41')
942,Homelife Superstars Realty,,,2023-11-07 11:35:42,'2023-11-07 11:35:42')
943,New Century Real Estate,,,2023-11-07 11:35:42,'2023-11-07 11:35:42')
944,MFS Realty Services,mfsrealty.com,,2023-12-02 13:54:53,'2023-11-07 11:35:42')
945,Century 21 St Andrew&#039;s Realty,,,2023-11-07 11:35:42,'2023-11-07 11:35:42')
946,Matt Mysak Inc,,,2023-11-07 11:35:43,'2023-11-07 11:35:43')
947,Prudential Ronan Realty,,,2023-11-07 11:35:43,'2023-11-07 11:35:43')
948,Coldwell Banker Sarzen Realty,,,2023-11-07 11:35:43,'2023-11-07 11:35:43')
949,Bempridge Realty,,,2023-11-07 11:35:43,'2023-11-07 11:35:43')
950,Trustwell Realty,,,2023-11-07 11:35:45,'2023-11-07 11:35:45')
951,Keller Williams Solid Rock Realty,,,2023-11-07 11:35:45,'2023-11-07 11:35:45')
952,MFS Realty Services Inc,,,2023-11-07 11:35:46,'2023-11-07 11:35:46')
953,Homelife Macro Realty,homelife.ca,,2023-12-02 13:54:55,'2023-11-07 11:35:46')
954,Century 21 Best Sellers Realty,,,2023-11-07 11:35:46,'2023-11-07 11:35:46')
955,KP Gillen &amp; Co Realty,,,2023-11-07 11:35:47,'2023-11-07 11:35:47')
956,Marshall Real Estate,mwreinc.com,,2023-12-02 13:54:55,'2023-11-07 11:35:47')
957,Coldwell Banker Case Realty,,,2023-11-07 11:35:47,'2023-11-07 11:35:47')
958,RE/MAX Active Realty,,,2023-11-07 11:35:47,'2023-11-07 11:35:47')
959,Grand Realty,,,2023-11-07 11:35:48,'2023-11-07 11:35:48')
960,Beeman Real Estate,,,2023-11-07 11:35:48,'2023-11-07 11:35:48')
961,Century 21 New Concept Realty,,,2023-11-07 11:35:48,'2023-11-07 11:35:48')
962,RE/MAX Performance Realty,,,2023-11-07 11:35:48,'2023-11-07 11:35:48')
963,Sutton Group-Security Real Estate,,,2023-11-07 11:35:48,'2023-11-07 11:35:48')
964,Keller Williams Golden Triangle,,,2023-11-07 11:35:50,'2023-11-07 11:35:50')
965,Century 21 Lanthorn Real Estate,,,2023-11-07 11:35:50,'2023-11-07 11:35:50')
966,Victoria and York Ltd,,,2023-11-07 11:35:50,'2023-11-07 11:35:50')
967,Prime Holdings Realty,broadway-elite.com,,2023-12-02 13:54:53,'2023-11-07 11:35:51')
968,DTZ Eastern Ontario,,,2023-11-07 11:35:51,'2023-11-07 11:35:51')
969,Century 21 Action Power Team Realty,,,2023-11-07 11:35:51,'2023-11-07 11:35:51')
970,Tamarack Real Estate Corp,,,2023-11-07 11:35:51,'2023-11-07 11:35:51')
971,Urban Real Estate,,,2023-11-07 11:35:51,'2023-11-07 11:35:51')
972,Prudential Kleimaker &amp; Bruse Realty,,,2023-11-07 11:35:52,'2023-11-07 11:35:52')
973,Bay Real Estate,,,2023-11-07 11:35:52,'2023-11-07 11:35:52')
974,"Kelly Avison, Robin White, Brian Wilson, Richard Chilcott, Adrian Lee &amp; Matt Gunning, 416-955-0000RE/MAX Excel Realty",,,2023-11-07 11:35:53,'2023-11-07 11:35:53')
975,Sotheby&#039;s International Realty Canada,,,2023-11-07 11:35:53,'2023-11-07 11:35:53')
976,Land/Max Realty,,,2023-11-07 11:35:53,'2023-11-07 11:35:53')
977,R.W. Dyer Realty,,,2023-11-07 11:35:53,'2023-11-07 11:35:53')
978,Mid-Land Group Realty,,,2023-11-07 11:35:53,'2023-11-07 11:35:53')
979,DTZ Barnicke London Windsor Sarnia Ltd,,,2023-11-07 11:35:53,'2023-11-07 11:35:53')
980,Homelife/Mapleleaf Realty,,,2023-11-07 11:35:54,'2023-11-07 11:35:54')
981,Esbin Realty,,,2023-11-07 11:35:54,'2023-11-07 11:35:54')
982,Shackleton&#039;s Real Estate &amp; Auctions Co,,,2023-11-07 11:35:55,'2023-11-07 11:35:55')
983,Kingsway Real Estate Brokerage,,,2023-11-07 11:35:55,'2023-11-07 11:35:55')
984,Adam H Morgan Real Estate,,,2023-11-07 11:35:56,'2023-11-07 11:35:56')
985,Realty Executives Elite,,,2023-11-07 11:35:56,'2023-11-07 11:35:56')
986,JK McLachlan Realty,,,2023-11-07 11:35:56,'2023-11-07 11:35:56')
987,Global Link Realty Group,,,2023-11-07 11:35:56,'2023-11-07 11:35:56')
988,Homelife Best-Seller Realty,,,2023-11-07 11:35:56,'2023-11-07 11:35:56')
989,Inetagent Inc,,,2023-11-07 11:35:57,'2023-11-07 11:35:57')
990,Rock Advisors,,,2023-11-07 11:35:57,'2023-11-07 11:35:57')
991,Coldwell Banker All Points - Festival City,,,2023-11-07 11:35:58,'2023-11-07 11:35:58')
992,Kingsway Real Estate,,,2023-11-07 11:35:58,'2023-11-07 11:35:58')
993,Family Realty Cosmo City,,,2023-11-07 11:35:58,'2023-11-07 11:35:58')
994,Homelife Principal Realty,,,2023-11-07 11:35:58,'2023-11-07 11:35:58')
995,Commtrac Realty,,,2023-11-07 11:35:59,'2023-11-07 11:35:59')
996,The Effort Trust Company,,,2023-11-07 11:35:59,'2023-11-07 11:35:59')
997,Coldwell Banker Commercial Integrity Real Estate,,,2023-11-07 11:35:59,'2023-11-07 11:35:59')
998,Century 21 Winpax Realty,,,2023-11-07 11:36:00,'2023-11-07 11:36:00')
999,Sachs Realty,,,2023-11-07 11:36:01,'2023-11-07 11:36:01')
1000,Oliver &amp; Associates Real Estate,,,2023-11-07 11:36:01,'2023-11-07 11:36:01')
1001,Kewin Commercial Realty,,,2023-11-07 11:36:02,'2023-11-07 11:36:02')
1002,Homelife Dreams Realty,,,2023-11-07 11:36:02,'2023-11-07 11:36:02')
1003,Allcom Realty Services,,,2023-11-07 11:36:03,'2023-11-07 11:36:03')
1004,RE/MAX First Real Estate,,,2023-11-07 11:36:03,'2023-11-07 11:36:03')
1005,Alkins Real Estate,,,2023-11-07 11:36:03,'2023-11-07 11:36:03')
1006,Keller Williams Realty Centres,kwrealtycentres.com,,2023-12-02 13:54:55,'2023-11-07 11:36:04')
1007,RE/MAX Chatham-Kent Realty,remax.net,,2023-12-02 13:54:55,'2023-11-07 11:36:04')
1008,Magic Realty Inc,,,2023-11-07 11:36:04,'2023-11-07 11:36:04')
1009,Great Canadian Realty,,,2023-11-07 11:36:05,'2023-11-07 11:36:05')
1010,Region-Wide Real Estate Inc,,,2023-11-07 11:36:05,'2023-11-07 11:36:05')
1011,Top Canadian Realty,,,2023-11-07 11:36:05,'2023-11-07 11:36:05')
1012,Metropolitan Realty Corp,,,2023-11-07 15:13:04,'2023-11-07 15:13:04')
1013,Shorn Realty,,,2023-11-07 15:13:06,'2023-11-07 15:13:06')
1014,RE/MAX County-Town Realty,,,2023-11-07 15:13:06,'2023-11-07 15:13:06')
1015,Alan Newton Real Estate Ltd,,,2023-11-07 15:13:06,'2023-11-07 15:13:06')
1016,WinCorp Realty,,,2023-11-07 15:13:06,'2023-11-07 15:13:06')
1017,GTA Realty Ltd,,,2023-11-10 12:57:29,'2023-11-10 12:57:29')
1018,Cayman Marshall International Realty,,,2023-11-14 19:35:12,'2023-11-14 19:35:12')
1019,Rogers &amp; Trainor,,,2023-11-17 16:41:47,'2023-11-17 16:41:47')
1020,Gentry Commercial,,,2023-11-24 21:41:00,'2023-11-24 21:41:00')
1021,Exit Realty Hare (Peel),,,2023-11-24 21:41:11,'2023-11-24 21:41:11')
1022,Peak Alliance Realty,peakalliance.ca,,2023-12-02 14:02:24,'2023-11-27 10:48:38')
1023,Berkshire Hathaway,berkshirehathaway.com,,2023-12-02 14:02:23,'2023-11-27 10:48:53')
1024,Coldwell Banker Commercial Peter Benninger,,,2023-11-27 10:48:54,'2023-11-27 10:48:54')
1025,Ranex Realty Group,,,2023-11-27 10:48:55,'2023-11-27 10:48:55')
1026,Xoocca Brokerage,falconx.io,,2024-04-16 14:52:12,'2023-11-27 10:48:56')
1027,Queenland East Realty,,,2023-11-27 10:48:56,'2023-11-27 10:48:56')
1028,Decathlon Commercial Realty Corp,,,2023-11-27 10:48:57,'2023-11-27 10:48:57')
1029,Soltanian Real Estate,,,2023-11-27 10:49:09,'2023-11-27 10:49:09')
1030,Prospect Realty,prospectreal.com,,2023-12-02 14:02:24,'2023-11-27 10:49:14')
1031,Century 21 Leading Edge Experia,c21.ca,,2024-04-16 14:52:12,'2023-11-27 10:49:15')
1032,Sutton Team Realty,suttonteamrealty.com,,2023-12-02 14:02:24,'2023-11-27 10:49:16')
1033,Century 21 Leasing Edge,,,2023-11-27 10:49:16,'2023-11-27 10:49:16')
1034,Icon 1 Realty Services,,,2023-11-27 10:49:17,'2023-11-27 10:49:17')
1035,Marg McCarthy Professional Real Estate Services Inc,,,2023-11-27 10:49:17,'2023-11-27 10:49:17')
1036,TFN Realty Inc,,,2023-11-27 10:49:18,'2023-11-27 10:49:18')
1037,The Blackburn Property Group,theblackburnpropertygroup.com,,2023-12-02 14:02:24,'2023-11-27 10:49:21')
1038,Power Realty,ericpower.com,,2023-12-02 14:02:24,'2023-11-27 10:49:22')
1039,Save Max Supreme Real Estate,,,2023-11-27 10:49:31,'2023-11-27 10:49:31')
1040,RE/MAX Chay,,,2023-11-27 10:49:31,'2023-11-27 10:49:31')
1041,Homelife/Cimerman Real Estate Limited,,,2023-11-28 14:57:38,'2023-11-28 14:57:38')
1042,Rainbow Realty Ltd,,,2023-11-28 14:57:38,'2023-11-28 14:57:38')
1043,District Realty Corporation,,,2023-11-28 14:57:38,'2023-11-28 14:57:38')
1044,Homelife Macro Realty Inc,,,2023-11-28 14:57:39,'2023-11-28 14:57:39')
1045,RE/MAX Quality One,,,2023-11-28 14:57:39,'2023-11-28 14:57:39')
1046,Century 21 - St Andrew&#039;s Realty,,,2023-11-28 14:57:39,'2023-11-28 14:57:39')
1047,Realty Works,realtyworksne.com,,2023-12-02 14:04:48,'2023-11-28 14:57:40')
1048,X-Sell Realty,8x8.com,,2023-12-02 14:04:48,'2023-11-28 14:57:40')
1049,http,,,2023-11-28 14:57:42,'2023-11-28 14:57:42')
1050,Fram Building Group,,,2023-11-28 14:57:43,'2023-11-28 14:57:43')
1051,Keller Williams VIP Realty,,,2023-11-28 14:57:46,'2023-11-28 14:57:46')
1052,Top Choice Realty,,,2023-11-28 14:57:46,'2023-11-28 14:57:46')
1053,Coldwell Banker Advantage Real Estate,,,2023-11-28 14:57:46,'2023-11-28 14:57:46')
1054,Alexandroff Real Estate Ltd,,,2023-11-28 14:57:47,'2023-11-28 14:57:47')
1055,Your Options Real Estate,,,2023-11-28 14:57:47,'2023-11-28 14:57:47')
1056,Brekland Realty Group,breklandrealty.com,,2023-12-02 14:04:47,'2023-11-28 14:57:48')
1057,Belstar Realty Inc,,,2023-11-28 14:57:50,'2023-11-28 14:57:50')
1058,Terra Firma Realty,,,2023-11-28 14:57:51,'2023-11-28 14:57:51')
1059,RE/MAX Excellence Realty,,,2023-11-28 14:57:52,'2023-11-28 14:57:52')
1060,BMO Capital Markets Real Estate Group,,,2023-11-28 14:57:53,'2023-11-28 14:57:53')
1061,Brixton Commercial Real Real Estate,,,2023-11-28 14:57:56,'2023-11-28 14:57:56')
1062,Humber Valley Realty,,,2023-11-28 14:58:03,'2023-11-28 14:58:03')
1063,Real Estate Marketing Inc,listingbooster.com,,2023-12-02 14:04:47,'2023-11-28 14:58:03')
1064,RE/MAX Real Estate Centre Inc,remaxcentre.ca,,2023-12-02 14:04:47,'2023-11-28 14:58:07')
1065,Century 21 Landstars,,,2023-11-30 12:57:06,'2023-11-30 12:57:06')
1066,Monopoly Commercial,,,2023-11-30 12:57:08,'2023-11-30 12:57:08')
1067,Prop Mgr,,,2023-11-30 12:57:08,'2023-11-30 12:57:08')
1068,Zoran Real Estate Limited,,,2023-11-30 12:57:11,'2023-11-30 12:57:11')
1069,Wayne Levy Real Estate Corp,,,2023-11-30 12:57:11,'2023-11-30 12:57:11')
1070,Homelife Superstars Real Estate Ltd,,,2023-11-30 12:57:12,'2023-11-30 12:57:12')
1071,Century 21 Top Producers,century21.net,,2023-12-02 14:06:03,'2023-11-30 12:57:12')
1072,Homelife/New Star Real Estate,,,2023-11-30 12:57:12,'2023-11-30 12:57:12')
1073,RE/MAX Niagara Realty Ltd,remaxescarpment.com,,2023-12-02 14:06:03,'2023-11-30 12:57:12')
1074,Marsh Realty &amp; Business Brokers,,,2023-11-30 12:57:12,'2023-11-30 12:57:12')
1075,Homelife/Realty Centre,,,2023-11-30 12:57:12,'2023-11-30 12:57:12')
1076,Homelife/United Realty Inc,,,2023-11-30 12:57:13,'2023-11-30 12:57:13')
1077,jjBarnicke,,,2023-11-30 12:57:13,'2023-11-30 12:57:13')
1078,Sutton Group Summit Realty,sutton.com,,2023-12-02 14:06:03,'2023-11-30 12:57:18')
1079,Sutton Group Future Realty,,,2023-11-30 12:57:21,'2023-11-30 12:57:21')
1080,Paul Martin Real Estate,,,2023-11-30 12:57:21,'2023-11-30 12:57:21')
1081,Sutton Group Professional,suttoncomms.com,,2023-12-02 14:06:03,'2023-11-30 12:57:23')
1082,Century 21 Kingsbury Real Estate Ltd,,,2023-11-30 12:57:25,'2023-11-30 12:57:25')
1083,Peak Point Real Estate,,,2023-11-30 12:57:26,'2023-11-30 12:57:26')
1084,Cupido Realty,,,2023-11-30 12:57:30,'2023-11-30 12:57:30')
1085,Century 21 Town &amp; Country Realty,,,2023-11-30 12:57:31,'2023-11-30 12:57:31')
1086,Homelife / New Star Real Estate,,,2023-11-30 12:57:35,'2023-11-30 12:57:35')
1087,Re/Max Legend Real Estate,remaxnorthbay.com,,2023-12-02 14:06:02,'2023-11-30 12:57:35')
1088,Colliers Pratt McGarry,,,2023-11-30 12:57:36,'2023-11-30 12:57:36')
1089,Royal LePage/J&amp;D Division,,,2023-11-30 12:57:36,'2023-11-30 12:57:36')
1090,RE/MAX Dynasty Realty,,,2023-11-30 12:57:37,'2023-11-30 12:57:37')
1091,Esbin Realty Corp,,,2023-11-30 12:57:39,'2023-11-30 12:57:39')
1092,Eastdil Secured,,,2023-11-30 12:57:45,'2023-11-30 12:57:45')
1093,Niagara on-the-Lake Realty,,,2023-11-30 12:57:48,'2023-11-30 12:57:48')
1094,Royal LePage Niagara Realty,,,2023-11-30 12:57:49,'2023-11-30 12:57:49')
1095,Niagara-on-the-Lake Realty,,,2023-11-30 12:57:50,'2023-11-30 12:57:50')
1096,Buckingham Realty (Windsor) Ltd,,,2023-11-30 12:57:52,'2023-11-30 12:57:52')
1097,Gentry Real Estate Services,,,2023-11-30 12:57:52,'2023-11-30 12:57:52')
1098,"Century 21 Explorer Realty: Pascale Hamel, 819-210-6604Marcus &amp; Millichap Real Estate Investment Services Canada Inc",,,2023-12-03 16:44:11,'2023-12-03 16:44:11')
1099,Homeology Real Estate,homeologyre.com,,2024-04-16 14:52:12,'2023-12-03 16:44:23')
1100,Chase Realty Inc,chaserealty.ca,,2023-12-04 13:15:32,'2023-12-03 16:44:29')
1101,Royal LePage / Johnston &amp; Daniels,johnstonanddaniel.com,,2024-04-16 14:52:12,'2023-12-03 16:44:56')
1102,RE/MAX Jazz,,,2023-12-03 16:44:58,'2023-12-03 16:44:58')
1103,Pay it Forward Realty,,,2023-12-03 16:45:20,'2023-12-03 16:45:20')
1104,"Cushman &amp; Wakefield Nicholas Kendrew &amp; Matt Rakhit, 416-359-2441Avison Young",,,2023-12-03 16:45:33,'2023-12-03 16:45:33')
1105,Johnston &amp; Green Real Estate,,,2023-12-03 16:45:37,'2023-12-03 16:45:37')
1106,Coldwell Banker Rhodes &amp; Company,cbrhodes.com,,2024-04-16 14:52:12,'2023-12-03 16:45:38')
1107,Save Max First Realty,,,2023-12-03 16:45:41,'2023-12-03 16:45:41')
1108,Fellow Real Estate Inc,,,2023-12-05 17:45:51,'2023-12-05 17:45:51')
1109,Arlington Commercial Properties Inc,,,2023-12-05 17:45:59,'2023-12-05 17:45:59')
1110,Century 21 Leading Edge Experia Realty Inc,,,2023-12-05 17:46:04,'2023-12-05 17:46:04')
1111,CBRE National Apartment Group,,,2023-12-05 17:46:08,'2023-12-05 17:46:08')
1112,Stonecastle Realty Group Inc,stonecastlerealty.ca,,2024-04-16 14:52:12,'2023-12-11 14:00:21')
1113,NRS Select Ltd,,,2023-12-11 14:00:46,'2023-12-11 14:00:46')
1114,Cubecom Commercial Realty Inc,,,2024-01-23 16:25:56,'2024-01-23 16:25:56')
1115,Revel Realty Inc,revelrealty.ca,,2024-04-16 14:52:12,'2024-01-23 16:25:59')
1116,RE/MAX Realty Services Inc,,,2024-01-23 16:26:04,'2024-01-23 16:26:04')
1117,D.W. Gould Realty Advisors Inc,,,2024-01-23 16:26:05,'2024-01-23 16:26:05')
1118,Acres Real Estate Inc,,,2024-01-23 16:26:07,'2024-01-23 16:26:07')
1119,Colliers Ltd,,,2024-01-23 16:26:08,'2024-01-23 16:26:08')
1120,Avison Young (Canada) Inc,,,2024-01-23 16:26:11,'2024-01-23 16:26:11')
1121,JLL,,,2024-01-23 16:26:12,'2024-01-23 16:26:12')
1122,STS Commercial Realty Inc,,,2024-01-23 16:26:13,'2024-01-23 16:26:13')
1123,Paradigm&amp;Commercial&amp;Real Estate,,,2024-01-23 16:26:13,'2024-01-23 16:26:13')
1124,Royal LePage Northern Life Realty,,,2024-03-09 13:48:29,'2024-03-09 13:48:29')
1125,X00CCA Brokerage,,,2024-03-09 13:48:36,'2024-03-09 13:48:36')
1126,Colliers Canada,,,2024-04-16 02:20:58,'2024-04-16 02:20:58')
1127,Engel &amp; V&ouml;lkers,evrealestate.com,,2024-04-16 14:52:12,'2024-04-16 02:21:04')
1128,M Commercial Realty Inc,mcommercialrealty.com,,2024-04-16 14:52:12,'2024-04-16 02:21:04')
1129,Sutton - Headwaters Realty Inc,sutton.com,,2024-04-16 14:52:12,'2024-04-16 02:21:05')
1130,Sutton Group Town &amp; Country Realty,,,2024-05-13 13:43:49,'2024-05-13 13:43:49')
1131,Lennard,,,2024-06-01 15:59:14,'2024-06-01 15:59:14')
1132,Gord Wyllie Real Estate Ltd,,,2024-06-01 15:59:22,'2024-06-01 15:59:22')
1133,Falconview Realty Inc,,,2024-06-01 15:59:22,'2024-06-01 15:59:22')
1134,Dynamic Edge Realty Group Inc,,,2024-06-01 15:59:23,'2024-06-01 15:59:23')
1135,Homelife/Miracle Realty Ltd,,,2024-06-01 15:59:26,'2024-06-01 15:59:26')
1136,Sutton Headwaters Realty Inc,,,2024-06-01 15:59:26,'2024-06-01 15:59:26')
1137,Nassour Real Estate Team,,,2024-06-04 11:21:29,'2024-06-04 11:21:29')
1138,JDL Realty Inc,,,2024-06-04 11:21:31,'2024-06-04 11:21:31')
1139,Nick Givalas Real Estate,,,2024-06-27 12:44:13,'2024-06-27 12:44:13')
1140,RE/MAX A-B Realty Ltd,,,2025-01-09 19:50:17,'2025-01-09 19:50:17')
1141,Whitney &amp; Company Ltd,,,2025-01-09 19:50:20,'2025-01-09 19:50:20')
1142,Colliers National Retail Group,,,2025-01-09 19:50:21,'2025-01-09 19:50:21')
1143,Anzar Group | Exp Realty Inc,,,2025-01-09 19:50:24,'2025-01-09 19:50:24')
1144,Canadian Commercial Realty Inc,,,2025-01-09 19:50:24,'2025-01-09 19:50:24')
1145,PSR Brokerage,,,2025-01-09 19:50:25,'2025-01-09 19:50:25')
1146,TD Cornerstone Commercial Realty,,,2025-01-10 03:20:20,'2025-01-10 03:20:20')
1147,Arcturus Realty,,,2025-02-02 00:11:28,'2025-02-02 00:11:28')
1148,Coldwell Banker &ndash; Peter Benninger Real Estate,,,2025-02-02 00:11:30,'2025-02-02 00:11:30')
1149,Coldwell Banker Rideau Heartland Realty,,,2025-02-02 00:11:30,'2025-02-02 00:11:30')
1150,Kirkup Realty Corp,,,2025-02-02 00:11:31,'2025-02-02 00:11:31')
1151,Primecorp Commercial,,,2025-02-02 00:11:31,'2025-02-02 00:11:31')
1152,Intercom Real Estate,,,2025-02-02 00:11:31,'2025-02-02 00:11:31')
1153,Sutton Group Incentive,,,2025-02-02 00:11:31,'2025-02-02 00:11:31')
1154,The Staubach Company,,,2025-02-02 00:11:33,'2025-02-02 00:11:33')
1155,Barclay Commercial,,,2025-02-02 00:11:33,'2025-02-02 00:11:33')
1156,Cushman&amp; Wakefield ULC,,,2025-09-09 03:57:35,2025-09-09 03:57:35
