1,CLV Realty Corp,clvrealty.com,,2023-12-02 13:35:01,2023-10-30 12:42:05
2,Coldwell Banker Commercial,coldwellbanker.co.th,,2023-12-02 13:35:00,2023-10-30 12:42:05
3,CB Richard Ellis,cbre.com,,2023-12-02 13:34:44,2023-10-30 12:42:05
4,Newmark Canada,,,2023-10-12 11:18:58,2023-10-30 12:42:05
5,Jones Lang LaSalle,jll.com,,2024-04-16 14:52:12,2023-10-30 12:42:05
6,Lennard Commercial,lennard.com,,2023-12-02 13:34:42,2023-10-30 12:42:05
7,Right at Home Realty,rightathomerealty.com,,2023-12-02 13:34:43,2023-10-30 12:42:05
8,Colliers International,colliers.com,,2023-12-02 13:34:49,2023-10-30 12:42:05
9,D. W. Gould Realty Advisors,,,2023-10-12 11:18:58,2023-10-30 12:42:05
10,CBRE Ltd,cbre.com,,2023-12-02 13:34:43,2023-10-30 12:42:05
11,Vanguard Realty Corp,vanguardproperties.com,,2023-12-02 13:35:02,2023-10-30 12:42:05
12,Koble Commercial Real Estate,koble.ca,,2023-12-02 13:34:43,2023-10-30 12:42:05
13,Cushman &amp
